title,rating,body,,,,,,,,
Great CPU,5.0 out of 5 stars,Perfect for me!,,,,,,,,
Lack of information,5.0 out of 5 stars,"They didn't mention that the processor came with a cooler, so I bought a better one than the one it comes with, but.",,,,,,,,
Great Entry Level Processor!,5.0 out of 5 stars,This is a great entry-level processor that works like a more expensive processor! Makes an excellent.,,,,,,,,
Top,5.0 out of 5 stars,Top.,,,,,,,,
Excellent CPU,5.0 out of 5 stars,"Excellent CPU for gaming, supports high-end GPU ranges.",,,,,,,,
Graphics performance is high,5.0 out of 5 stars,"Even for high-end games, there is no need for an i7 or i9 limit. This CPU is perfect for me.",,,,,,,,
Great performance,5.0 out of 5 stars,Great performance.,,,,,,,,
Stable and cool!,5.0 out of 5 stars,"Temperatures under stress at 60°C, otherwise 30°C cooled by air with an old Noctua.",,,,,,,,
Good CPU for Proxmox server,5.0 out of 5 stars,"20 threads, 30W idle, what else do you need? Great CPU for Proxmox server, tons of power!",,,,,,,,
Best value for money spent,5.0 out of 5 stars,I'm working on upgrading my current build and this was just the thing I needed. So many games run so.,,,,,,,,
Power and Performance Unleashed,5.0 out of 5 stars,The Intel Core i5-13500 CPU is a testament to Intel's commitment to delivering high-performance comp.,,,,,,,,
Quality,5.0 out of 5 stars,Thank you.,,,,,,,,
Diamond in the rough.,5.0 out of 5 stars,"Hello, so I bought this processor to replace my Ryzen 7 2700X that finally decided to die on me. I ha.",,,,,,,,
Very happy with this i5-13500,5.0 out of 5 stars,"I bought the i5 13500 due to the good reviews, as it would be good for video editing.",,,,,,,,
Great CPU,5.0 out of 5 stars,This CPU is more than enough for any mid-low end PC build and will play well at any game (including.,,,,,,,,
Good,5.0 out of 5 stars,Works reliably.,,,,,,,,
This is the future. Some may argue.,5.0 out of 5 stars,This CPU was a no-brainer for a budget gaming PC. Works well and was super easy to install in my Asr.,,,,,,,,
"Fast CPU, low temps",5.0 out of 5 stars,For the price.,,,,,,,,
Amazing value for money.,5.0 out of 5 stars,"Upgraded from a 4690K. Using AK500 cooler. Can maintain roughly 4GHz in full load. Overall, there is enough improvement in performance, but the feeling is like an upgrade from a soccer ball to a basketball. It feels faster, even with the same memory and SSD.",,,,,,,,
Great when paired with a good graphics card,5.0 out of 5 stars,"Used in a new build with a ROG Strix Z690-E motherboard, 32GB of DDR5 6400 RAM, and a 1TB Samsung.",,,,,,,,
These are perfect for office builds,5.0 out of 5 stars,Great performance on a budget. Great core for a 1080p/2K gaming machine. Easy to install and no issues.,,,,,,,,
Excellent service,5.0 out of 5 stars,Paired it with an RTX 3070 and handles everything very well. 40% utilization with full load of GPU. A.,,,,,,,,
Nothing to report,5.0 out of 5 stars,"I build PCs for clients daily. The core i3-13100 is absolutely perfect. 6 core 12 thread, nothing ca.",,,,,,,,
"Good, nice, and cheap",5.0 out of 5 stars,"It arrived faster than I expected, everything in order and well protected at a very good price.",,,,,,,,
Great bang for the buck,5.0 out of 5 stars,Good product.,,,,,,,,
Speed,5.0 out of 5 stars,"It is the right processor, good performance for most current applications at an excellent.",,,,,,,,
Best bang for your buck!,5.0 out of 5 stars,"If you need more processor, buy more processor. However, most web surfers and video viewers will never.",,,,,,,,
Plenty fast enough without temp issues,5.0 out of 5 stars,"Wow, this thing is fast. Intel has done an amazing job with the 13th gen. I'm using it on my dev machine.",,,,,,,,
Very happy with it,5.0 out of 5 stars,This thing is still rated in the top for gaming processors and has served me well over the past few.,,,,,,,,
Not the fastest but solid,5.0 out of 5 stars,"Plenty fast enough for me, I do some gaming (War Thunder, Cities Skylines, Company of Heroes) and so.",,,,,,,,
Good all-around processor,5.0 out of 5 stars,The box contained everything I needed to install the processor. It was super-easy to install the processor.,,,,,,,,
Good for Gaming,5.0 out of 5 stars,Bought this to replace a burned out chip on my old motherboard. Install was easy (so long as you know.,,,,,,,,
Good for Gaming,5.0 out of 5 stars,I originally got this because I wanted to try out Intel's P cores/E cores. Coming from a long time AMD.,,,,,,,,
Easy to build a computer with this one.,5.0 out of 5 stars,"I bought it to play video games and I'm quite satisfied, it runs all the games at.",,,,,,,,
A necessary high-performance CPU.,5.0 out of 5 stars,"Changed from Ryzen to Intel, operation is smoother. Recommended for CPU beginners.",,,,,,,,
Enough and has integrated graphics,5.0 out of 5 stars,I just assembled a new computer using this processor on a Gigabyte B760 with DDR5 memory. The system.,,,,,,,,
Wipes the floor with gaming and video editing.,5.0 out of 5 stars,"Changed from Core i7-12700 to Core i5-13500. Feels good. For video editing purposes, it's perfect. Quiet, stable, and low power consumption.",,,,,,,,
The PERFECT budget gaming CPU,5.0 out of 5 stars,Used it in a fresh build on MSI Mortar wifi and Thermalright assassin x. Temps 3x on idle and 5x on.,,,,,,,,
Good,5.0 out of 5 stars,Upgrade from i5-7400 to this. It's night and day.,,,,,,,,
Bought this processor and a cheap MATX motherboard so I could run MicroSquish Windoze 11,5.0 out of 5 stars,"This thing performs neck-and-neck with an i7-12700K at half the power draw, with half the heat. It h.",,,,,,,,
Good quality,5.0 out of 5 stars,"At 40,000 yen weak, it's still a good CPU for 14 core 20 thread.",,,,,,,,
Pretty good,5.0 out of 5 stars,So I was stuck on Windows 10 with my LGA 1151 core i7-6700. This processor at an affordable price mo.,,,,,,,,
Good CPU!,5.0 out of 5 stars,"I originally thought 6 cores 12 threads was a good CPU for me, but after purchasing it, I think 10 cores 16 threads would have been better.",,,,,,,,
"Works quite well, it's a warrior",5.0 out of 5 stars,"A little expensive on Amazon, I would buy it from Newegg if you don't need the next day delivery. But t.",,,,,,,,
Cool,5.0 out of 5 stars,"Core i5-13500 has high performance and processing power. It uses 14nm process technology, and the clock speed goes up to 4.80GHz. This allows for multitasking and high-complexity applications.",,,,,,,,
x265 1080p slow settings enable 60fps encoding,5.0 out of 5 stars,"The smallest in its family and performs very well, perfect with an RTX 3060 12GB and everything on ULTRA.",,,,,,,,
Processor,5.0 out of 5 stars,"Processor with very good performance, it behaves very well when performing heavy tasks. Good perfo.",,,,,,,,
Amazing for the Price!,5.0 out of 5 stars,Achieving 60fps with 1080p animation in x265 of AviUtl is surprising. When compared with other PCs.,,,,,,,,
EXCELLENT PRODUCT,5.0 out of 5 stars,Works wonderfully thank you.,,,,,,,,
Problems after problems. Bluescreens in Windows 10 and 11.,4.0 out of 5 stars,"The problems started on the first day. Windows cannot be installed, after an attempt to do so, the system crashes. Support from the manufacturer has been unresponsive.",,,,,,,,
It works really well.,4.0 out of 5 stars,"Great processor... Especially for the price... Thankfully. Apart from the performance, what I like the most is the efficiency.",,,,,,,,
Quality/price ratio.,4.0 out of 5 stars,"It's a very good processor, but I wouldn't recommend it to anyone because of its high price. The i7 can do the job just fine for most users.",,,,,,,,
"Good, but...",4.0 out of 5 stars,"The best processor in 2022-2023 for those who want both gaming and productivity. Unfortunately, even with high-end components, stability issues persist.",,,,,,,,
"It consumes like a beast, costs a lot for what it offers (in December 2022).",4.0 out of 5 stars,"A dream processor, super fast, raw power... but at a cost. Actually, two costs. First, you pay the high price, then you deal with the heat output. Adequate cooling is essential.",,,,,,,,
Very good Intel Core i9-13900K desktop processor.,4.0 out of 5 stars,"I am very satisfied with the CPU, but the delivery took much longer than expected, it was supposed to be a one-day delivery.",,,,,,,,
Very hot.,4.0 out of 5 stars,"The processor works very well, but it heats up a lot, so you need to provide good cooling.",,,,,,,,
Excessively powerful.,4.0 out of 5 stars,"What can I say, anything I throw at it, it handles effortlessly, but the temperatures can get high.",,,,,,,,
Warhorse!!!!!!!!!,4.0 out of 5 stars,"The cream of the crop is what I can tell you. RTX 4090 MSI Suprim, i9 13900k, MSI S360 Watercooler.",,,,,,,,
Pure power.,4.0 out of 5 stars,Capable of running Fortnite alone on ultra settings at over 100 fps without any lag.,,,,,,,,
Nothing more.,4.0 out of 5 stars,"Replaced a 13700kf which wasn't great with overclocking (bought on Amazon), and this 13900k works very well.",,,,,,,,
The Intel i9-13900K is certainly nice.,4.0 out of 5 stars,"However, in my package, there was an i9-11900K. I had the choice between a refund or return when I contacted support.",,,,,,,,
Watch out for overheating.,4.0 out of 5 stars,"Excellent processor, super performant, and can adjust its frequency according to demand but... it runs hot.",,,,,,,,
"Works well, but uneven heat distribution.",4.0 out of 5 stars,"The high price, in my opinion, is total nonsense - just like with graphics cards, etc. This component is overpriced.",,,,,,,,
Power at a golden price.,4.0 out of 5 stars,"A good processor for those who can afford it. I won't write a long review, but the price is high.",,,,,,,,
Way too hot.,4.0 out of 5 stars,"Heats up way too much, I returned it.",,,,,,,,
Does what it's supposed to.,4.0 out of 5 stars,"Paired with an Asus Z790 motherboard, Noctua tower cooling, 64GB RAM, GPU RTX 3060 12GB. Doesn't crash.",,,,,,,,
Good value for 4070 tier GPUs.,4.0 out of 5 stars,"Make sure to put it with a decent cooler and a mount plate for good surface pressure; also, overclocking is decent.",,,,,,,,
Quick.,4.0 out of 5 stars,This blisters through a lot of tasks it's put up to but draws a lot of power and runs hot.,,,,,,,,
Excessive temperature.,4.0 out of 5 stars,"Although it's a great processor and despite having liquid cooling, it doesn't go below 38 degrees Celsius.",,,,,,,,
Impressive performance.,4.0 out of 5 stars,"Meets all my expectations in terms of gaming, but make sure to have a good cooling system.",,,,,,,,
Intel i7 13700KF.,4.0 out of 5 stars,Intel i7 13700KF LGA1700 processor. There's not much to say about the processor; it's perfect for gaming.,,,,,,,,
Powerful but it's like an oven.,4.0 out of 5 stars,"Impressive power processor. However, the temperatures it reaches are really extreme if not properly cooled.",,,,,,,,
"Performant, but...",3.0 out of 5 stars,"Excellent processor for professional/gaming use. However, I had some issues with it.",,,,,,,,
I do not recommend it.,3.0 out of 5 stars,"Go for an i5 13600KF, but I have a lot of trouble with this processor, mainly its power consumption and heat.",,,,,,,,
High cooling performance recommended.,3.0 out of 5 stars,"The 16-core processor offers high performance. However, the power consumption in practical use is still high.",,,,,,,,
Burning!! Seems like they came overclocked.,3.0 out of 5 stars,"Beware of these processors; even with a good 360 AIO and 9 fans, temperatures do not drop much.",,,,,,,,
Uh,3.0 out of 5 stars,"So, bought to replace my 13600KF, and well, this 13700KF meets its specs but is one of the worst for heat.",,,,,,,,
It heats up.,3.0 out of 5 stars,Good processor but runs very hot. Built into a PC with 10% airflow; improved after some ventilation adjustments.,,,,,,,,
"Package was torn, it looked like someone tried to see inside.",3.0 out of 5 stars,"Package was torn, it looked like someone tried to see inside. We'll see during assembly.",,,,,,,,
"Amazing processor, but check your CPU power management in BIOS.",3.0 out of 5 stars,"So, first thing's first. This is a genuinely powerful CPU that's been able to handle basically everything.",,,,,,,,
"Surprisingly fast, but watch out for corner chip escapes.",3.0 out of 5 stars,We set up multiple computing servers to run heavy video processing algorithms essentially continuously.,,,,,,,,
First chip was a factory defect.,3.0 out of 5 stars,Built my new PC. Thermals on the chip were high. Over 100°C when benchmarking. Kept shutting down the system.,,,,,,,,
Keep a fire extinguisher.,3.0 out of 5 stars,"""911, what's your emergency?"" ""My CPU caught my house on fire.""",,,,,,,,
Ordered new but received open and used.,3.0 out of 5 stars,Received CPU opened and used.,,,,,,,,
Good product but beware of shipping.,3.0 out of 5 stars,"In general, the product is good, but it's worth noting that the CPU cooler arrived broken.",,,,,,,,
"Great CPU, motherboards are tricky to handle in BIOS.",3.0 out of 5 stars,Got this for a homemade NAS/file server. Motherboard manufacturers push this chip to its limits.,,,,,,,,
Does not include RH1 cooler.,3.0 out of 5 stars,Doesn't include the cooler that's in the description.,,,,,,,,
"If the generation is different, it cannot be used.",3.0 out of 5 stars,I couldn't use it due to generational differences. It was disappointing.,,,,,,,,
Smoking hot and not in a good way.,3.0 out of 5 stars,Very fast CPU... if you can keep it from throttling. Requires at least a 360mm AIO to even attempt to control the heat.,,,,,,,,
Beware the poor quality control.,3.0 out of 5 stars,"This is an amazing processor, however I went through two defective, factory new, 13900KFs before I g",,,,,,,,
Good CPU!,3.0 out of 5 stars,Liked everything about this item except for the packaging. The CPU was inside the plastic protector ,,,,,,,,
Too hot.,3.0 out of 5 stars,Even with a strong water cooling,,,,,,,,
Overrated chip. Overpriced.,3.0 out of 5 stars,You have to tune this chip for efficiency. Do not attempt to run this using stock motherboard settin,,,,,,,,
Fast processor.,3.0 out of 5 stars,But it runs very hot and needs a massive cooling system. Even with the system I have I cannot overcl,,,,,,,,
95°C? WHILE UNDERVOLTED!?,3.0 out of 5 stars,"Using the best Noctua air cooler money can buy on this, and yet it'll hit 95°C on Modern Warfare 2?",,,,,,,,
Embarrassing.,3.0 out of 5 stars,"Unless you intend to warm up your entire house and pay a hefty sum for your electricity bills, I dont recommend this processor.",,,,,,,,
Top processor at the moment.,3.0 out of 5 stars,"Very good processor, but unfortunately the one I received was defective, and Amazon no longer has it in stock.",,,,,,,,
"High-performance processor, terrible stock cooler.",3.0 out of 5 stars,"The processor itself is excellent. Responsive and performs well in standard applications (internet, office), but a good cooler is needed because the stock one is noisy and inefficient.",,,,,,,,
No CPU inside,1.0 out of 5 stars,"First of all, I must say that the delivery was really quick. The scheduled date was for the following week.",,,,,,,,
Disappointed with the customer service,1.0 out of 5 stars,"After 3 months, it appeared that my processor is faulty. I discussed the issue with Intel support and they confirmed it.",,,,,,,,
Faulty product,1.0 out of 5 stars,Dont buy from this seller. This company sells faulty products. The courier charge to return the faulty item is outrageous.,,,,,,,,
Packaging for i9 13900k damaged,1.0 out of 5 stars,"My first review ever. Intel has finally acknowledged this issue, search ""Regarding Reports of 13th/14th Gen Intel Processors"".",,,,,,,,
Will be dead on arrival or degrade over months,1.0 out of 5 stars,"I didnt open the processor box until I had all the pieces to build the computer, and I was disappointed to find it used.",,,,,,,,
It didn't arrive; it was inside the product box,1.0 out of 5 stars,"i9 13900k tested on Asus Strix Z790-E Gaming + Windows 11 Pro, and all drivers and firmware upgraded to the latest versions.",,,,,,,,
Very disappointed with this product,1.0 out of 5 stars,"It worked fine for 6 months, then I started running into Error Code 0xC0000005 with various applications.",,,,,,,,
Worst warranty support I have ever dealt with or it doesn't support Windows 10 or 11,1.0 out of 5 stars,"I saved up for years to upgrade my PC, which I built from scratch to use for streaming. After a couple of months, it started having issues.",,,,,,,,
Lots of gaming instability,1.0 out of 5 stars,This i9 chip is very likely guilty of destroying 2 ASUS ROG Maximus Hero Z790 motherboards. The first one fried within a week.,,,,,,,,
Do you feel lucky?,1.0 out of 5 stars,"Ive switched out PSUs, motherboards, SSDs. Ive even sent my 4080 on an RMA process with Gigabyte trying to troubleshoot this CPU.",,,,,,,,
"Perpetual heating issues, BSODs, games crashing",1.0 out of 5 stars,I still have this CPU because I spent a bunch of money on it. It overheats and overclocks itself. Not worth it.,,,,,,,,
So many problems,1.0 out of 5 stars,I purchased this CPU bundled with the ASUS TUF Gaming Z790-Plus WiFi motherboard. That started causing issues from the get-go.,,,,,,,,
Production problems!,1.0 out of 5 stars,I could not get a signal to my monitor from my new computer build. Finally took the entire computer to a professional.,,,,,,,,
"Worked great for 4 months, then...",1.0 out of 5 stars,Worked fine for 4 months then it started crashing and freezing. It destroyed the OS kernel and the O,,,,,,,,
Received an open box with a dead CPU,1.0 out of 5 stars,The box was open and tried the cpu not booting and no display,,,,,,,,
Dead On Arrival (DOA) and still no refund,1.0 out of 5 stars,Processor was fulfilled by Amazon and was dead on arrival. Tried it on another known good motherboar,,,,,,,,
Disappointed,1.0 out of 5 stars,The Intel 13th gen CPUs have been a big disappointment. I originally had a faulty 13900KS which inte,,,,,,,,
Had to RMA CPU because of constant game crashes,1.0 out of 5 stars,I am currently in the process of replacing this cpu since mine is defective. Read the threads and do,,,,,,,,
Bad CPU,1.0 out of 5 stars,CPU caused blue screen issues non-stop,,,,,,,,CP+A16:J21U caused blue screen issues non-stop
Shipped 3 dead CPUs by Amazon,1.0 out of 5 stars,"I've just about had it.It takes about an hour and a half to uninstall old components, install new on",,,,,,,,
Dead On Arrival (DOA)!,1.0 out of 5 stars,"What I dislike? You would think that you will not get a bad CPU from a reputable company, makes it m",,,,,,,,
Disappointed,1.0 out of 5 stars,arrive dead on arrival. worked with intel for a while to troubleshoot post issues but no luck. turns,,,,,,,,
"I've used Intel forever, and this was the worst",1.0 out of 5 stars,Not sure if Quality Control is out the door for intel but the speeds on my chip were atrocious. It r,,,,,,,,
Received wrong and used CPU,1.0 out of 5 stars,"The CPU I received was not even LGA1700 and it was clearly used, I could see clearly remaining therm",,,,,,,,
"Do not purchase anything from this company, they sold me a defective CPU for $600",1.0 out of 5 stars,"Non functional CPU , scammer company",,,,,,,,
"Sent opened processor. Was defective. Returned, no refund as of yet",1.0 out of 5 stars,Sent opened processor. Was defective and returned and shows received on May 17th and still no refund,,,,,,,,
Totally a scam,1.0 out of 5 stars,totally a scam,,,,,,,,
There is instability,1.0 out of 5 stars,default frequency cannot pass r15,,,,,,,,
Item arrived dead on arrival,1.0 out of 5 stars,Dead on arrival.,,,,,,,,
Completely unusable,1.0 out of 5 stars,"As soon as I assembled it, it overheated and became a bluescreen nightmare. To address the issue, I replaced the water cooler, graphics card, and power supply, but nothing improved. I replaced it with the i5 1360KF I bought at the same time, and it turned out the CPU was the cause.",,,,,,,,
Terrible quality control and they solve nothing,1.0 out of 5 stars,"The product arrived defective. It doesn't work, installed it on the board and it doesn't give video, it arrived dead, it seems to me.",,,,,,,,
Sent a used product,1.0 out of 5 stars,Sent a used CPU box said âthanks to you this product has a new lifeâNo where does it say this is use,,,,,,,,
Check before installing,1.0 out of 5 stars,"I received this CPU in the Intel box, but the plastic holder was loose inside the box.I thought it j",,,,,,,,
GARBAGE!,1.0 out of 5 stars,STILL FIGHTING FOR OUT REFUND! ITEM WAS NOT IN BOX WHEN SHIPPED!!,,,,,,,,
Failed after one year of use,1.0 out of 5 stars,"One year later, this CPU has completely failed. Not an issue with any other of my components, everyt",,,,,,,,
The processor doesn't work,1.0 out of 5 stars,The return window closed and the processor stopped working. Negotiations with the manufacturer have ,,,,,,,,
DEFECTIVE!!!,1.0 out of 5 stars,came in with the sticker void peeled but when i opened the box it looked new so i installed it. Moth,,,,,,,,
Open box,1.0 out of 5 stars,Received in an unsealed box and already used.,,,,,,,,
1 star for everything I got the package got the CPU box but the seal was broken and no CPU,1.0 out of 5 stars,i was waiting to install the cpu well i got the cpu box the seal was broken and no cpu was in the bo,,,,,,,,
CPU received appears to have been used,1.0 out of 5 stars,Received relatively quick. The issue was there was a stain on the CPU die which I can only assume is,,,,,,,,
The CPU did not work,1.0 out of 5 stars,Hired someone to help me and the CPU did not work at all. Kept trying but it would not work. Returni,,,,,,,,
Dead on arrival.,1.0 out of 5 stars,I didnt even get a chance to use the product.,,,,,,,,
"Beware. Used, refurbished item",1.0 out of 5 stars,Description does not say used / renewed item.,,,,,,,,
Box was already opened,1.0 out of 5 stars,First impression was terrible. Box came with the CPU loose not attached and secured. Intel seal was ,,,,,,,,
No working,1.0 out of 5 stars,No working,,,,,,,,
Beware,1.0 out of 5 stars,broken on arival,,,,,,,,
Check to make sure your board is compatible!,1.0 out of 5 stars,"This is my experience, I doubt that this is actually a problem with the processor itself, and more c",,,,,,,,
Lasted 4 months,1.0 out of 5 stars,This CPU quit after four months. I cannot get in touch with Amazon customer support nor can I connec,,,,,,,,
Arrived DOA,1.0 out of 5 stars,This CPU arrived DOA . For all the years I have been building PC's Gaming Rigs and Workstations I ha,,,,,,,,
Faulty product,2.0 out of 5 stars,"It's not Amazon's issue, but the processor I bought is faulty. I'm experiencing crashes while playing.",,,,,,,,
Heat issues with this 13900k,2.0 out of 5 stars,"Took me forever to figure this out, but I can't reach rated speeds on my 13900K due to throttling. SP",,,,,,,,
Nothing But Issues,2.0 out of 5 stars,"I've had nothing but issues with this processor. It's a personal heater, causes tons of crashes, and.",,,,,,,,
Overpriced,2.0 out of 5 stars,Performance leaves much to be desired at this price point. Fastest gaming CPU on the planet when I bought it.,,,,,,,,
Do not get this chip unless you are a data Scientist or something,2.0 out of 5 stars,"This chip has cooling issues in gaming. Full stop. Really, you should be looking at AMD X3D chips if.",,,,,,,,
Overpriced,2.0 out of 5 stars,Overpriced.,,,,,,,,
Great Quality!,5.0 out of 5 stars,"I upgraded from an i7-7700k to this and it's amazing, perfect for gaming and stays cool. I have no is.",,,,,,,,
Underrated price to performance,5.0 out of 5 stars,Congratulations on this product. It was an excellent investment. Recommended.,,,,,,,,
Works great,5.0 out of 5 stars,All I can say is that I'm very happy with my purchase!,,,,,,,,
Good price/performance.,5.0 out of 5 stars,"This CPU is in the perfect spot. It's not like the 13400f that doesn't include an iGPU, but it's not.",,,,,,,,
Quality price,5.0 out of 5 stars,This is part of a system rebuild I did. It makes a very noticeable improvement in speed and capacity.,,,,,,,,
Good,5.0 out of 5 stars,"Couldn't recommend more for gaming, plenty of headroom on the titles I enjoy. 10 cores in total bei.",,,,,,,,
"Great Performance, Low Consumption",5.0 out of 5 stars,Performs as expected both for gaming and work.,,,,,,,,
10 CORES FOR HOW MUCH?!?,5.0 out of 5 stars,My son needed this to build his PC gaming system. Perfect.,,,,,,,,
Efficient Little Powerhouse,5.0 out of 5 stars,"I replaced my old i7-3770k with this processor, I must say the change is brutal, where before.",,,,,,,,
Great processor,5.0 out of 5 stars,Device name xxxxProcessor 13th Gen Intel(R) Core(TM) i5-13400F 2.50 GHzInstalled RAM 32.0 GB (31.8 G.,,,,,,,,
Excellent Processor,5.0 out of 5 stars,"Does everything I need it to do and then some, all while drawing less than 100 watts.",,,,,,,,
INTEL I5 13400F,5.0 out of 5 stars,I'm suuuuuper new to building PC's so it was my first time ever doing this.Very easy to figure how it.,,,,,,,,
Better than expected,5.0 out of 5 stars,Excellent Processor fully recommended it worked perfect for my low-range build.,,,,,,,,
Excellent,5.0 out of 5 stars,"I assembled everything well and it works optimally, thank you.",,,,,,,,
Excellent CPU,5.0 out of 5 stars,It works better than expected even though I don't have a graphics card yet the integrated one works very.,,,,,,,,
It is doing what it is supposed to do,5.0 out of 5 stars,"Good protection and care of the item, I recommend it.",,,,,,,,
This is a good mid-range CPU,5.0 out of 5 stars,No issues with the speed but the stock cooler is no good in some more new games but other than that.,,,,,,,,
Core i5,5.0 out of 5 stars,I bought it for its ability to transcode video files and it is working great.,,,,,,,,
Probably more than you need,5.0 out of 5 stars,"For the price, this is an amazing mid to high range CPU. I've had this for a few weeks now and it wor.",,,,,,,,
The chip to buy for ITX builds.,5.0 out of 5 stars,I like it,,,,,,,,
It's a processor,5.0 out of 5 stars,"This really handles gaming well, look up bottle neck calculator onlineâ¦. Match it with some GPUs you.",,,,,,,,
Ranting,5.0 out of 5 stars,This is the ideal choice for tight quarter ITX builds. It is easily cooled. Iâm running it in the Fr.,,,,,,,,
Peppy,5.0 out of 5 stars,It shipped timely. Works as it should,,,,,,,,
Satisfied,5.0 out of 5 stars,"It's my first purchase, but compared to others, it was packaged very well, and it arrived sooner than expected.",,,,,,,,
Works great,5.0 out of 5 stars,"used item in very good shape, with very easy install and very good performance at a good price. winn.",,,,,,,,
The inside is Alder Lake,5.0 out of 5 stars,"Very satisfied with how fast it is, I am surprised by its ability to open applications and process data.",,,,,,,,
Excellent,5.0 out of 5 stars,"Running smoothly, I have used it with 1080ti, playing high configuration requirements PC games for se.",,,,,,,,
"Good price, very good performance",5.0 out of 5 stars,"Considering the specs and heat generation, I thought I should buy it for personal use, and I bought it sooner than I expected. In the 13th generation, there are 12th generation, and even 8 cores in the E core, so it's quite affordable.",,,,,,,,
Best price / performance CPU for gaming,5.0 out of 5 stars,"Excellent for games, good temperatures but the stock cooler is a bit noisy...",,,,,,,,
"Works perfectly and great gaming performance, but stock cooler is useless.",5.0 out of 5 stars,"I have been using this processor for several months and the performance is very good, it is quite powerful",,,,,,,,
Awesome processor,5.0 out of 5 stars,perfect for 2K gaming. Never used the integrated graphics on a CPU before and you save some with thi.,,,,,,,,
Great price/performance.,5.0 out of 5 stars,"This chip performs perfectly and is a great value for the performance, but plan on getting an afterm.",,,,,,,,
High performance at a reasonable price!,5.0 out of 5 stars,This processor is awesome im very glad I bought it can chug through anything you throw at it very we.,,,,,,,,
Excellent quality price,5.0 out of 5 stars,"Super great price, runs super cold. Worth it",,,,,,,,
"Used Intel i3-12100 for a PC build, works great, good performance",5.0 out of 5 stars,"Upgraded from an i7-9700KF to this, switched from Z390 to H670 M/B. According to Cinebench23 scores, power restrictions lifted, the score is more than doubled and satisfying.",,,,,,,,
Hardware Transcoding Support,5.0 out of 5 stars,"Excellent CPU, very powerful for its price, arrived in excellent condition although it took longer than the rest t.",,,,,,,,
Amazing buy for the money,5.0 out of 5 stars,The 13th gen CPUs are cloudier than the 12thCOREi3.,,,,,,,,
"Chip is good and works well, as expected.",5.0 out of 5 stars,Using it for a Plex server and it's better than my 1080ti card!,,,,,,,,
Works well,5.0 out of 5 stars,"The performance is insane compared to upgrading from a 10400, and for the money, itâs just a 10600k but just n.",,,,,,,,
WORKS GREAT,5.0 out of 5 stars,Using it as a camera server running Blue Iris.,,,,,,,,
Super CPU!,5.0 out of 5 stars,huge upgrade from i7 4770. the stock fan is decent enough to do the job I just use it for gaming ext.,,,,,,,,
Works,5.0 out of 5 stars,WORKS GREAT,,,,,,,,
Suppress heat and cost for the balance type,5.0 out of 5 stars,Thank you Amazon for this beast! Everything is fine <3 Nice update from i7-2670QM lol ;)),,,,,,,,
Great price for the performance.,5.0 out of 5 stars,works,,,,,,,,
Normalization?,5.0 out of 5 stars,"This product is equipped with the F model, so the graphics performance is good. It's also designed to dissipate heat well. With the cooler (which is good enough) that comes with it, it stays quite cool. Considering the performance, this price is quite.",,,,,,,,
PC operations are sensitive,5.0 out of 5 stars,Nice budget gaming CPU.,,,,,,,,
Mandatory preparation for gravy.,5.0 out of 5 stars,"Even after switching from the 12thCOREi3, the processing speed is significantly faster and the operation of the PC is smoother. With this performance, the price of this product is quite. This time, we are considering heat dissipation, and the pure performance is satisfact.",,,,,,,,
The operation of the PC is sensitive,5.0 out of 5 stars,"If you are using it for gaming, it works without any problems.",,,,,,,,
It is necessary to prepare the gravel in advance.,5.0 out of 5 stars,"If you use it for gaming purposes, you'll be satisfied with its performance and price.",,,,,,,,
Expensive but excellent for productivity and gaming.,4.0 out of 5 stars,"For many, an i5 might be sufficient, but if you do some video rendering or photo processing, it's worth it.",,,,,,,,
Seems great.,4.0 out of 5 stars,"I've been using this CPU for a while, not bad. Great, but it heats up a lot. On average, it stays at 35/40°C.",,,,,,,,
The product is not new.,4.0 out of 5 stars,"I bought the i13700K as new; however, the product box came like this. The product doesn't seem new.",,,,,,,,
Phenomenal.,4.0 out of 5 stars,Spectacular!,,,,,,,,
Great performance!!! But...,4.0 out of 5 stars,I bought it as a replacement from the old i7-7700K. The performance is significantly improved! Great choice!,,,,,,,,
Recommended for content creation.,4.0 out of 5 stars,Really love this processor; it's really fast using Adobe apps. Recommended for content creation.,,,,,,,,
"Great CPU, but hard to cool.",4.0 out of 5 stars,"After too many years of gaming on an old i7-6700K, I finally decided to upgrade.",,,,,,,,
Worthy upgrade for 2023.,4.0 out of 5 stars,"I had a Ryzen 7 3800XT CPU for a while, so I decided to upgrade to Intel for this.",,,,,,,,
Second purchase of Intel Core i7-13700K.,4.0 out of 5 stars,The second purchase of the product met its specifications.,,,,,,,,
Main title needs more info.,4.0 out of 5 stars,"I'm sure the chip works beautifully, but I had no idea the K series didn't come with a cooler, which I needed.",,,,,,,,
FAST.,4.0 out of 5 stars,"Fast CPU, did not come with a CPU cooler. Make sure you get a good CPU cooler if you play games!!!",,,,,,,,
Screaming fast processor that runs really hot.,4.0 out of 5 stars,"I got this for a new system build, even though it's a little higher than I like to spend. But it has performed well.",,,,,,,,
"Product is great, but the delivery was a letdown.",4.0 out of 5 stars,"The product is great, but the delivery was a letdown.",,,,,,,,
Best CPU for gaming with this value.,4.0 out of 5 stars,If you are looking to get the best gaming experience with a decent price and not get poor performance.,,,,,,,,
Works great.,4.0 out of 5 stars,Good Intel CPU but overpriced. Good graphics with Intel UHD 770.,,,,,,,,
Runs hot.,4.0 out of 5 stars,Upgraded from Asus Prime Z390-A (i7 9700K) to Asus ROG Strix Z790-1 WiFi D4 (i7 13700K). Using Noctua cooler.,,,,,,,,
Works.,4.0 out of 5 stars,I don't know how you rate a chipset; it's the middle of the tier in speed. More cores would probably be better.,,,,,,,,
Great CPU; wish efficiency cores were more controllable.,4.0 out of 5 stars,"Great CPU, however, I wish I could customize when efficiency cores would be used for certain apps or tasks.",,,,,,,,
"Great CPU, but runs hot.",4.0 out of 5 stars,"It's a great CPU. There are many great benchmarks out there to show how good it is, but it performs well in every task.",,,,,,,,
Do not buy used; looks like it's been burnt.,4.0 out of 5 stars,"Ok, my used product did work, but Amazon says it's like new when it isn't. Good CPU for a brand new one.",,,,,,,,
Solid.,4.0 out of 5 stars,Had no problem with it.,,,,,,,,
Nul delivery.,4.0 out of 5 stars,"Hi, everything is good regarding the condition of the packages, but the delivery is mediocre.",,,,,,,,
The king of mid-range gaming? (With a few quirks),3.0 out of 5 stars,"The Intel Core i5-13600K is the latest champion in the mid-range desktop processor arena, promising high performance.",,,,,,,,
Not compatible with ASRock Steel Legend ATX.,3.0 out of 5 stars,"BIOS flash to update the motherboard to use this 13th gen CPU, but the flash didnt work.",,,,,,,,
"And I thought it was new, but it wasn't, haha.",3.0 out of 5 stars,"Obviously, the processor was released months ago and has not been used much; it is like new in its box with the seal intact.",,,,,,,,
"The motherboard I bought at the same time was defective, and I struggled.",3.0 out of 5 stars,"The graphics output was poor, and at the same time, the motherboard I bought with it was defective, so I spent a lot of time troubleshooting. Even though it was expensive, the graphics output wasnt good, leading me to recognize the importance of the motherboard. After exchanging the motherboard, it worked without problems.",,,,,,,,
Does not upgrade if you already had an i3 10th gen or similar.,3.0 out of 5 stars,"I bought it because I thought the new architecture and technologies of the 12th generation would be beneficial, but it didnt meet my expectations.",,,,,,,,
Fan blade broke.,3.0 out of 5 stars,"Overall, the CPU seems to work well, still in BIOS, but I realized one of the CPU fan blades was broken.",,,,,,,,
That the CPU is used?,3.0 out of 5 stars,"I saw the imprint of poorly wiped-off thermal paste on my chip, and if youre paying new prices for a used CPU, its not worth it.",,,,,,,,
Amazon sent a damaged box.,3.0 out of 5 stars,"The box was damaged when it arrived, so I returned it without even opening it. Box condition is important!",,,,,,,,
Poor product packaging.,3.0 out of 5 stars,"The Amazon box itself was fine, but the CPU packaging was not. The CPU looked like it was thrown in there carelessly.",,,,,,,,
"No foam inside, beware.",3.0 out of 5 stars,Intel getting cheap shipping material warranty not indicated and if 1700 magnesium plate should be o,,,,,,,,
"Performance is alright, but...",3.0 out of 5 stars,"Purchased a new item, but seems like a used one, the top surface is scratched a bit. And after 2 weeks, it discounted to 299overall a decent cpu, but wait for the discount",,,,,,,,
Good processor BUT NOT FOR GAMING.,3.0 out of 5 stars,"Super CPU for work, but for gaming, it doesnt do the job correctly at all, stability issues.",,,,,,,,
Intel I9 13900KF processor.,3.0 out of 5 stars,"Item arrived early, but the processor in the package was not well secured and was moving around inside the box. I hope it hasn't been damaged... if it doesn't work, I will probably decide to request a refund.",,,,,,,,
Powerful chip! (Intel),3.0 out of 5 stars,It's a powerful chip that suits 99% of the population... hard gamers included!The Intel Unlocked 10-,,,,,,,,
Not much better than 5600X in gaming performance despite being newer.,3.0 out of 5 stars,it has more cores which helps in some games but the lack of cache is killing it,,,,,,,,
Please advertise under the main heading that CPU cooler is NOT included!,3.0 out of 5 stars,I am grading the main heading at the top of the page that does not let the consumer know a cooler is,,,,,,,,
Supposed to be new but...,3.0 out of 5 stars,"Overall, it's great but for something with that much value, I would expect something better than a bag",,,,,,,,
Bad packaging.,3.0 out of 5 stars,"Look, this is a great processor. I use it in my build and I love it, but I bought one for my partner",,,,,,,,
Showed up looking rough.,3.0 out of 5 stars,The CPU itself was in the plastic holder but had 4 vertical scratch lines as if someone had used it,,,,,,,,
Feels like a retake on the 7th gen processors.,3.0 out of 5 stars,"While I did indeed get the advertised product, I did NOT realize that there is no heatsink or fan i",,,,,,,,
Buyer beware.,3.0 out of 5 stars,"I paired with Asus B560 Strix a gaming wifi. You can enable XMP. but, when you sync all cores and se",,,,,,,,
Not worth the money.,3.0 out of 5 stars,"Runs WAY too hot. Even though it comes with a less than good stock cooler, I assumed it would be goo",,,,,,,,
Good CPU.,3.0 out of 5 stars,All packages are very good! 5 stars! But I received the same item in the package and immediately disc,,,,,,,,
"Things are good, but I'm not happy.",3.0 out of 5 stars,"Pair it with Noctua H9i, and the temperature is high even at Idle around 38 degrees. I am using HTPC",,,,,,,,
High temperature.,3.0 out of 5 stars,It only came with the processor without the fan,,,,,,,,
This is NOT the correct part number.,3.0 out of 5 stars,"I needed a new build at a time when everything was out of stock, so I opted for this i5, which was ava",,,,,,,,
Just okay for light work.,3.0 out of 5 stars,Great for regular use I'd say. But it isn't the best for gaming or editing videos.,,,,,,,,
Zur KÃ¼hlung benÃ¶tigen Sie einen WasserstoffkÃ¼hler,1.0 out of 5 stars,"It is never satisfactory, and it consumes a lot of energy and also heat, which is not controlled.",,,,,,,,
La confezione arriva danneggiata,1.0 out of 5 stars,It looks like a second-hand one.,,,,,,,,
Deja ouvert,1.0 out of 5 stars,"Processor sold as ""new"" but the factory seal has already been opened, and the box is damaged!",,,,,,,,
Pas de chance !!!,2.0 out of 5 stars,"Package and packaging in perfect condition, BUT one fan blade provided is broken. The only solution.",,,,,,,,
Cpu cooler not fit for purpose,2.0 out of 5 stars,CPU cooler is too small and doesn't cover the whole CPU. Not worth buying with cooler.,,,,,,,,
Intel Non ci siamo,2.0 out of 5 stars,I didn't expect this in 2023 from such an important company like INTEL that is not capable of providing.,,,,,,,,
Intel 13500 usatto ottime condizioni warehouse,2.0 out of 5 stars,Product arrived in its original packaging totally destroyed. The original cooler arrived.,,,,,,,,
Schafft keine 3200MHz in Gear 1.,2.0 out of 5 stars,"I have a B760 Gaming X, my 13700K has no problems with a 4000 CL16 kit. The 13500 achieves.",,,,,,,,
Excellent microprocessor,5.0 out of 5 stars,"It's a very good 13th generation microprocessor, excellent stress test, the only downside for being an i5...",,,,,,,,
Powerful performance and smooth experience,5.0 out of 5 stars,"Whether you're a passionate gamer, a content creator, or simply a demanding user, this...",,,,,,,,
Excellent performance and price-performance ratio - The Intel i5 13500KF convinces!,5.0 out of 5 stars,"I recently installed the Intel i5 13500KF in my gaming PC, and I am absolutely thrilled...",,,,,,,,
TOP,5.0 out of 5 stars,Great performance,,,,,,,,
A great upgrade from my i5 9600k,5.0 out of 5 stars,"Upgraded from the i5 9600k and it's made a world of difference. I was CPU bound on most games I run, but...",,,,,,,,
5-13600KF,5.0 out of 5 stars,"I am extremely satisfied with this CPU, bought it on offer at a great price and it has proven to be...",,,,,,,,
As good performance as the i5-14600kf,5.0 out of 5 stars,"Bought on Black Friday for €260, while the i5-14600kf was on sale for €330. Note: the ""f"" variant...",,,,,,,,
Super satisfied,5.0 out of 5 stars,More than sufficient for what I use it for: some photo editing and gaming,,,,,,,,
Perfect,5.0 out of 5 stars,The Intel Core i5-13600KF processor proves to be a wise choice for building a PC oriented...,,,,,,,,
Excellent CPU,5.0 out of 5 stars,"An exceptional processor, on Cinebench R23 stock it exceeded 23,500 points, and with a little overclock...",,,,,,,,
Beast.,5.0 out of 5 stars,"Such a good CPU. I was debating on getting the i9 as I thought I would need it, but this thing barely...",,,,,,,,
Heater with good performance,5.0 out of 5 stars,"There are thousands of reviews, not much to add. In terms of performance, it surpasses Ryzen in tasks, office work...",,,,,,,,
Amazing for an i5,5.0 out of 5 stars,How far we have come where the i5 is good enough paired with any high-end GPUs giving great performance...,,,,,,,,
Great CPU,5.0 out of 5 stars,"Runs as it should, reliable and fast",,,,,,,,
Satisfactory price-performance ratio,5.0 out of 5 stars,Good all-around processor,,,,,,,,
Fantastic!,5.0 out of 5 stars,"Excellent processor for everything! Gaming, productivity, whatever its use, it performs excellently!",,,,,,,,
Deals with every modern workload,5.0 out of 5 stars,"Great for gaming, streaming media, 3D modeling, and software development. So far, it has dealt with everything...",,,,,,,,
Very good,5.0 out of 5 stars,One of the best processors I've had,,,,,,,,
"Insane performance, runs cool",5.0 out of 5 stars,"Crazy performance. If you used to use i7's, you can probably get by buying an i5 now. Runs very cool and...",,,,,,,,
Absolute price-performance CPU!,5.0 out of 5 stars,"Runs smoothly and cleanly, the whole system has gotten a noticeable kick, optimal support with...",,,,,,,,
Excellent processor,5.0 out of 5 stars,I am extremely satisfied with my purchase of the Intel Core i5-13600KF processor. This processor...,,,,,,,,
"I5-13600KF, a beast of a processor!",5.0 out of 5 stars,"I come from an i7-9700KF, a great processor that after four years started to show some signs of...",,,,,,,,
Fast delivery and best price online,5.0 out of 5 stars,Upgrading my 5-year-old PC. It was the best choice. Performance as good as 13900 for half the price...,,,,,,,,
Intel i5 review,5.0 out of 5 stars,This processor is a real gem. I was initially with AMD but took the plunge and am...,,,,,,,,
Great CPU at a great price,5.0 out of 5 stars,"After years, I finally thought it was time to upgrade my Core i7-7700K. As I...",,,,,,,,
Good CPU at a fantastic price.,5.0 out of 5 stars,The truth is I am very happy with this CPU especially because I was able to buy it at a very...,,,,,,,,
"Fantastic CPU, performance, speed, value",5.0 out of 5 stars,Amazing upgrade over my 9900k. Nothing yet has been able to fault it. Perfectly stable...,,,,,,,,
Whew!,5.0 out of 5 stars,I have a colleague who brags with a Ryzen 7 5000 and this one that I got humiliates his miserably...,,,,,,,,
i5 13600k,5.0 out of 5 stars,A beast both for gaming and for work/editing. I use it paired with a 4070 and it...,,,,,,,,
Versatile,5.0 out of 5 stars,"Versatile, that's what I retain. The 13th generation marked a change across the entire range...",,,,,,,,
Fast and economical,5.0 out of 5 stars,"High-quality processor, maintaining an accessible price in this range of efficiency and speed...",,,,,,,,
Absolute beast,5.0 out of 5 stars,"If you go for the budget CPU which beats most of AMD CPUs, here it is, THE CHAMPION. Just expect...",,,,,,,,
"Fast, stable, and powerful: The i5-13600KF CPU convinces all around",5.0 out of 5 stars,The CPU is an excellent choice for anyone looking for a powerful and reliable CPU...,,,,,,,,
Wonderful,5.0 out of 5 stars,,,,,,,,,
Good gaming performance,5.0 out of 5 stars,"Switched from i7 9700k. However, only because of my graphics card. Bottleneck. For me, the...",,,,,,,,
Performs well for the price,5.0 out of 5 stars,"Excellent processor i5-13600KF with a z790, 32GB DDR5 CL34 7200MHz, RX7900XT, good in everything without overheating...",,,,,,,,
"Difficulty finding the right motherboard, but then wonderful",5.0 out of 5 stars,"The 13600 KF model does not have a graphics chip, so forget about using the internal graphics card...",,,,,,,,
It's an i5-13600KF,5.0 out of 5 stars,"Nothing specific to say, it's an i5-13600KF. Games, editing, touch-up, streaming... It works...",,,,,,,,
Love an Intel CPU,5.0 out of 5 stars,"Upgraded from an old 2015 PC, huge jump and this CPU has done everything I expected it to...",,,,,,,,
Spectacular,5.0 out of 5 stars,I had an 11600kf with an RTX 3080ti and I changed the CPU to the 13600kf and DDR5 RAM at 6000MHz...,,,,,,,,
Very smart processor,5.0 out of 5 stars,"The i5 is an excellent processor for quality-price. The 13600K under €300 is today, in my opinion, a bargain...",,,,,,,,
Intel I5 13600kf processor,5.0 out of 5 stars,"I am very satisfied with it, for 250 euros it is a very good price, I can only recommend it...",,,,,,,,
Great deal,5.0 out of 5 stars,"Bought with spring offers to upgrade my old PC, at 250 euros it is, in my opinion, a great deal...",,,,,,,,
OK,5.0 out of 5 stars,Excellent!,,,,,,,,
What else to say!!!,5.0 out of 5 stars,It's Intel,,,,,,,,
Top!!!,5.0 out of 5 stars,As expected.,,,,,,,,
i5 13600kf,5.0 out of 5 stars,"Bought on offer for €265, excellent quality-price ratio, paired with an Arctic double...",,,,,,,,
Perfect for gaming and applications.,5.0 out of 5 stars,"Honestly, I am delighted with this purchase. The CPU runs wonderfully, it almost...",,,,,,,,
