title,rating,review,,,,,,,,
"12th generation, perfect!",5.0 out of 5 stars,I switched from an i9 9900k and feel the evolution. The latest is always the best. I recommend buying it if you were hesitant; the satisfaction level is quite high.,,,,,,,,
"Wow, what a beast!",5.0 out of 5 stars,"I upgraded from a 12500, which was already great, but this is on another level. Execution speed is amazing.",,,,,,,,
Super happy,5.0 out of 5 stars,"Super happy, I’ve always had the i7 K series and expected worse performance because I came from an i7, but this is a step up.",,,,,,,,
Magnificent,5.0 out of 5 stars,"Prompt delivery, perfect packaging, and reliable courier. Now I’m waiting for the technician to install the components.",,,,,,,,
Works great,4.0 out of 5 stars,Costs a lot and I do not recommend to anyone with a tight budget like Â£900 if you have a tight budge,,,,,,,,
Fast,5.0 out of 5 stars,"New format, but great. The problem is Windows 11, not sure when it will take off.",,,,,,,,
15 years old Intel,4.0 out of 5 stars,"Intel has been leading since Slot 1. If it's the same price range, I would still consider AMD. Also, CPU sockets have changed to AM5, and AM4 motherboards are now more expensive. Even high-end Gigabyte motherboards are imported from the US.",,,,,,,,
Fast and reliable,5.0 out of 5 stars,A CPU that I have been using for more than a year and will continue to use for the next few years.,,,,,,,,
Intel,5.0 out of 5 stars,"Matches the photo and description. Superb packaging, very correct product.",,,,,,,,
Incredible performance - outstanding value for money,5.0 out of 5 stars,"What Intel delivers with the 12th generation is almost unbelievable. After AMD's recent success, Intel has really stepped up.",,,,,,,,
Good processor with a bad cooler,3.0 out of 5 stars,Before buying keep in mind that you might need a good cooler. I bought Noctua D15 which is very good,,,,,,,,
"Almost perfect, only for the price",4.0 out of 5 stars,"Almost perfect, only the price is a bit high.",,,,,,,,
Powerful and efficient.,5.0 out of 5 stars,This CPU is almost as powerful as the K model (only 2-5% difference) and easier to manage thermally.,,,,,,,,
This Intel CPU is excellent,5.0 out of 5 stars,"I recently switched from using Ryzen CPUs. Considering the benchmarks, I replaced my existing Intel CPU with this one. The performance is truly impressive. The Windows boot speed alone is remarkable.",,,,,,,,
Everything okay,4.0 out of 5 stars,ottimo prodotto silenziosissimo,,,,,,,,
i7 (8620) exchange,5.0 out of 5 stars,"FPS increased from 100-150 to 130-243 with low graphics settings on black sand. Although there is little difference between high graphics and the same 2070, the stability is much better. I'm glad I made this purchase.",,,,,,,,
Uses only 60w and is very powerful Intel Core.,5.0 out of 5 stars,One of the best computer processor.,,,,,,,,
Best benchmark by far,5.0 out of 5 stars,Unbeatable quality-price ratio! The best if you want to spend the right amount without compromising.,,,,,,,,
Meets expectations,5.0 out of 5 stars,"Works well, but the stock cooler doesn’t cool enough, so you need to buy a liquid cooling system.",,,,,,,,
Very performant,5.0 out of 5 stars,"Bought to replace an i9-9900, very efficient.",,,,,,,,
Perfect,5.0 out of 5 stars,Perfect for a good workstation and more.,,,,,,,,
"Ideal as an upgrade for older computers, but will only operate in specific boards.",4.0 out of 5 stars,Would be useful to specify which boards it will work with as plug and play no longer exist.,,,,,,,,
Great for cards in the 3060 to 3080 power,4.0 out of 5 stars,It great if you're trying to make a mid-range PC but you could spent a little more and get the i5-12,,,,,,,,
Good price,4.0 out of 5 stars,"I got it very cheap, but I don't know if I made a good choice, with a 3060 of 12 GB, I still have p",,,,,,,,
Slightly damaged box,4.0 out of 5 stars,"The delivery went well, on time, but the cardboard box was slightly damaged",,,,,,,,
Very good 6 core,4.0 out of 5 stars,I love this CPU and its price tag. It can handle the newest games well and works quite well for graphics,,,,,,,,
Excellent but watch out for temperatures if using the stock fan provided.,4.0 out of 5 stars,"This processor, without integrated video card or overclocking capability, is an excellent choice for",,,,,,,,
Intel Cost Benefit,4.0 out of 5 stars,Best value for money from Intel for work,,,,,,,,
Absolutely thrilled Gaming for little money ??,4.0 out of 5 stars,"I am absolutely thrilled with the CPU. For the price, there is nothing to complain about in terms of gaming",,,,,,,,
Cooler,4.0 out of 5 stars,"The CPU works excellently, exactly as it should. Is it possible that the heatsink",,,,,,,,
"Excellent processor, less than excellent cooler.",4.0 out of 5 stars,"Purchased during Prime Day for 150€, this processor has 6 cores and 12 threads that",,,,,,,,
Excellent,4.0 out of 5 stars,Good processor paired with a 3070,,,,,,,,
Quality,4.0 out of 5 stars,it's okay,,,,,,,,
Correct,4.0 out of 5 stars,It is an average processor with expected performance. Delivered sealed and correctly (I put it,,,,,,,,
No integrated graphics card,4.0 out of 5 stars,"Like all models ending with F, this processor does not have a graphics card. Up to you to",,,,,,,,
Very good,4.0 out of 5 stars,"For 2023, this item is still in the mid-high range and will be for a few more years. Very",,,,,,,,
Not bad!,4.0 out of 5 stars,"Not a bad processor, arrived quickly with excellent packaging.",,,,,,,,
Cheap but efficient,4.0 out of 5 stars,The characteristics of this processor are not quite those of the 12th generation core i series,,,,,,,,
Intel Core i5-12400F - 12th generation desktop processor,4.0 out of 5 stars,"Good processor even for gaming, doesn't heat up excessively and has good performance! The cost",,,,,,,,
A simple bubble envelope for packaging.,4.0 out of 5 stars,"Having ordered this CPU second-hand with a 12€ discount on the new price, I received the processor",,,,,,,,
Good value for money,4.0 out of 5 stars,"In terms of heating, it's not bad, and performance is good as well.",,,,,,,,
I5 12400F,4.0 out of 5 stars,I created a new PC with this processor which suits my use well and I bought it,,,,,,,,
Good Processor,4.0 out of 5 stars,Good processor,,,,,,,,
Good performance,5.0 out of 5 stars,I am not a gamer but like to keep reasonably up to date and this intel cpu fits the bill for me. Its,,,,,,,,
This is the PERFECT processor/best value for basic productive work!,5.0 out of 5 stars,This is the PERFECT processor/best value for basic productive work! How many of you just need a fast processor for standard home/office work? Buy this and call it a day.,,,,,,,,
Great CPU,5.0 out of 5 stars,Great CPU. Works great out the box and super quiet cooler.,,,,,,,,
Excellent performance/price ratio,5.0 out of 5 stars,Excellent value for money. Bought this processor to put in a desktop PC. The performance is outstanding.,,,,,,,,
It is what it is,5.0 out of 5 stars,"Great CPU. Ideal for when you have a tight budget, it has good power for basic tasks and games.",,,,,,,,
Good quality price,5.0 out of 5 stars,Impressive little beast. I have an i7-10700K. It beats the 10700k in Single-Core performance (I'm amazed).,,,,,,,,
Good product,5.0 out of 5 stars,Functioning well up to March 2024. Working well up to March 2024.,,,,,,,,
Impressive little beast,5.0 out of 5 stars,"Very good. Came in early, box damaged but luckily CPU was in good condition. Used to update BIOS on H670 board.",,,,,,,,
Still working well until March 2024,5.0 out of 5 stars,Satisfied. Good product to start building a basic computer.,,,,,,,,
Very good,5.0 out of 5 stars,Used to be an i7. Great for simple applications like displaying video on multiple screens or running lightweight programs.,,,,,,,,
Satisfied,5.0 out of 5 stars,Not too expensive. I picked it up for $120 on sale. That's a good price. It works great.,,,,,,,,
"In the past, this would have been an i7",5.0 out of 5 stars,"Great for what it is designed for. It's an i3, so don't expect i9 performance. With that said, I am using it in a custom-built NAS running.",,,,,,,,
Not too expensive,5.0 out of 5 stars,Amazing little CPU. Strong single core. Decent multicore. Perfect for day-to-day use like browsing and MS Office.,,,,,,,,
Great for what it is designed for,5.0 out of 5 stars,"Very good processor for domestic use for durability over time, however, it runs many heavy programs.",,,,,,,,
Excellent,5.0 out of 5 stars,Very good value for money. Purchased in June 2022 and currently it's an excellent value for money (the best in.,,,,,,,,
Profitable,5.0 out of 5 stars,"Good product for starting to build a basic computer. Works well, good condition, original without any issues. Good performance.",,,,,,,,
Great little CPU,5.0 out of 5 stars,Good value. Good for 4K TV at 60HZ UHD 730 built-in graphics. My Son uses it for gaming with RTX 2070 8GB.,,,,,,,,
Very fast processor,5.0 out of 5 stars,Great power on a budget. I've built 3 computers for clients on a budget using this CPU. Its power per dollar is great.,,,,,,,,
Very good quality-price ratio,5.0 out of 5 stars,"It's amazing how far i3s have come! Compared to the i3 of just a few generations ago, it's amazing how far these mid-entry-level CPUs have.",,,,,,,,
Good original product,5.0 out of 5 stars,"Rentable. Good processor. The advantage of entry-level like this is that it consumes less, when it is not used.",,,,,,,,
Broken cooler fan,3.0 out of 5 stars,"What's that noise? Oh, it's a broken cooler fan blade. Intel QA must have missed this one... shame.",,,,,,,,
Do NOT use the stock cooler!,3.0 out of 5 stars,"This is a pretty powerful, modern Intel processor which I bought when replacing my gaming PC.On this",,,,,,,,
Amazing CPU but not the fan....,3.0 out of 5 stars,The CPU is perfect and amazing im not going to lie about that and it works as it was expected and ev,,,,,,,,
"Good processor, bad cooler",3.0 out of 5 stars,I can't understand how such a serious company like Intel can provide a processor with a broken cooler fan blade. Shame.,,,,,,,,
Inadmissible in a simple paper envelope,3.0 out of 5 stars,Very good product quality-price ratio at the moment but I would like to point out that Amazon sends c,,,,,,,,
Inadequate packaging,3.0 out of 5 stars,Seal damaged!,,,,,,,,
Good but not excellent,3.0 out of 5 stars,"I bought thinking about swapping it out later for a 14600k, when it gets cheaper, since Intel allows",,,,,,,,
Very good price-performance ratio,3.0 out of 5 stars,"Second-hand product but defective, pixelation",,,,,,,,
Poor cooler,3.0 out of 5 stars,The heatsink is rotten. My PC overheated just surfing the net to do the install,,,,,,,,
Seal damaged,3.0 out of 5 stars,It arrived with the stock cooler dirty with the thermal paste touched,,,,,,,,
"Good, fulfills its role",3.0 out of 5 stars,"Delivery pepper, thermal paste and poor quality cooler.",,,,,,,,
Processor I5,3.0 out of 5 stars,"Obviously the processor came out months ago and hasn't been used much, it's like new in its box with the cal",,,,,,,,
Overheating,3.0 out of 5 stars,Overall CPU looks to work good still in BIOS but came to realize one of the CPU fan blades broke and,,,,,,,,
I expected more,3.0 out of 5 stars,I didn't ask if it had a fan and then reviewing the post I saw that it is not specified in n,,,,,,,,
"Stock cooler is worthless, and Amazon EU sent me an open box",3.0 out of 5 stars,"Fast and effective processor. Was delivered by DPD who jammed this through the letterbox, crushing th",,,,,,,,
Ineffective fan,3.0 out of 5 stars,"It's a great CPU. The packaging by Amazon, in shipping it, is awful. Nothing like getting a squashed CP",,,,,,,,
Good processor BUT,3.0 out of 5 stars,It's a powerful chip that suits 99% of the population... hard gamers included!The Intel Unlocked 10-,,,,,,,,
Box very damaged,3.0 out of 5 stars,it has more cores which helps in some games but the lack of cache is killing it,,,,,,,,
Poor delivery,3.0 out of 5 stars,UserBenchmark favors Intel for some reason. They would have you believe the 12600k is around 20% bet,,,,,,,,
Very good product but a few issues,3.0 out of 5 stars,I am grading the main heading at the top of the page that does not let the consumer know a cooler is,,,,,,,,
I thought it was new but it wasn't haha,3.0 out of 5 stars,Thanks Amazon/Intel for shipping a faulty CPU then proceed to try to make me wait a week except I co,,,,,,,,
"Purchased processor is defective, struggling",3.0 out of 5 stars,No stock cooler. Extremely annoying.,,,,,,,,
Does not update if you already had a 10th gen i3 or similar,3.0 out of 5 stars,The product arrived in a damaged box and the chip was loose inside the box having been freed from it,,,,,,,,
Fan blade broke,3.0 out of 5 stars,Overall CPU looks to work good still in BIOS but came to realize one of the CPU fan blades broke and,,,,,,,,
Is the CPU used?,3.0 out of 5 stars,I saw the imprint of poorly whipped off thermal paste on my chip and if ur paying new prices for a u,,,,,,,,
Sent something damaged inside the box,3.0 out of 5 stars,"The box was damaged upon delivery, so I returned it as is, sorry, I should have clarified. The box is important!",,,,,,,,
Package damaged,3.0 out of 5 stars,"Although cpu box was sealed, package was dented and fractured. Yet to install the cpu",,,,,,,,
"Nice processor, but delivery is a shame",3.0 out of 5 stars,"Fast and effective processor.Was delivered by DPD who jammed this through the letterbox, crushing th",,,,,,,,
Ventilation,3.0 out of 5 stars,"I didn't ask if it came with a fan and then, upon reviewing the publication, I saw that it is not specified.",,,,,,,,
Faulty CPU-not Intel's fault,3.0 out of 5 stars,Bought the i5 because it was on sale and unfortunately I could not get the system to boot. I made su,,,,,,,,
Powerful chip! (Intel),3.0 out of 5 stars,It's a powerful chip that suits 99% of the population... hard gamers included!The Intel Unlocked 10-,,,,,,,,
Not much better than 5600X in gaming performance despite being newer,3.0 out of 5 stars,it has more cores which helps in some games but the lack of cache is killing it,,,,,,,,
Don't trust UserBenchmark,3.0 out of 5 stars,UserBenchmark favors intel for some reason. They would have you believe the 12600k is around 20% bet,,,,,,,,
Please advertise under the main heading that CPU Cooler is NOT Included!!,3.0 out of 5 stars,I am grading the main heading at the top of the page that does not let the consumer know a cooler is,,,,,,,,
Supposed to be new but...,3.0 out of 5 stars,"Overall, it's great but for something with that much value, I would expect something better than a bag",,,,,,,,
Bad packaging,3.0 out of 5 stars,"Look, this is a great processor. I use it in my build and I love it, but I bought one for my partner",,,,,,,,
Showed up looking ROUGH,3.0 out of 5 stars,The CPU itself was in the plastic holder but had 4 vertical scratch lines as if someone had used it,,,,,,,,
Arrived with scratches on CPU and CPU box that had seen better days,3.0 out of 5 stars,"Did not perform to expectations, basically a relabeled 7th gen. Returning to possibly see what the 1",,,,,,,,
Feels like a retake on the 7th gen processors,3.0 out of 5 stars,"While I did indeed get the advertised product, I did NOT realize that there is no heatsink or fan i",,,,,,,,
Buyer Beware,3.0 out of 5 stars,"I paired with Asus B560 Strix a gaming wifi. You can enable XMP. but, when you sync all cores and se",,,,,,,,
Not worth the money,3.0 out of 5 stars,"Runs WAY too hot. Even though it comes with a less than good stock cooler, I assumed it would be goo",,,,,,,,
Good CPU,3.0 out of 5 stars,All packages are very good! 5 stars! But I received the same item in the package and immediately disc,,,,,,,,
"Things are good, but I'm not happy",3.0 out of 5 stars,"Pair it with Noctua H9i, and the temperature is high even at Idle around 38 degrees. I am using HTPC",,,,,,,,
High temperature.,3.0 out of 5 stars,It only came with the processor without the fan,,,,,,,,
It doesn't come with the CPU Fan,3.0 out of 5 stars,"This is the somewhat less desirable, earlier, non-thermally-enhanced G1 stepping version of the i5-1",,,,,,,,
This is NOT the correct part number.,3.0 out of 5 stars,"I needed a new build at a time when everything was out of stock, so I opted for this i5, which was ava",,,,,,,,
Just okay for light work.,3.0 out of 5 stars,Great for regular use I'd say. But it isn't the best for gaming or editing videos.,,,,,,,,
Good... ðŸ‘,3.0 out of 5 stars,The seal to the box was broken. Not sure if this was used and returned. I will be finishing the buil,,,,,,,,
Opened box?,3.0 out of 5 stars,"Shipped and delivered fast but didn't like how it came packaged, the box came beat up which has me w",,,,,,,,
May 3rd,3.0 out of 5 stars,"The processor works well to this day, however, the packaging arrived damaged and upon opening it",,,,,,,,
Packaging damaged and fan damaged,3.0 out of 5 stars,The box came battered,,,,,,,,
"Improved Graphics, Still Not for Gaming",3.0 out of 5 stars,"The integrated graphics are improved, but it's still not suitable for high-end gaming.",,,,,,,,
"Smooth Basic Use, Struggles with Demands",3.0 out of 5 stars,It performs smoothly in basic applications but struggles with resource-heavy software. The Intel 12th Gen processor is adequate for everyday tasks but may falter when running demanding programs.,,,,,,,,
Security Features with Performance Trade-off,3.0 out of 5 stars,"Enhanced security features are great, but it comes at the cost of performance. The improved security measures are nice, but some users might notice a slight decrease in overall performance.",,,,,,,,
"Efficient Multitasking, Lack of Innovation",3.0 out of 5 stars,"It handles multitasking efficiently, but there's nothing groundbreaking here. The Intel 12th Gen processor manages multitasking well, but it doesn't bring many new features compared to previous generations.",,,,,,,,
Snappy but Heat-Limited Performance,3.0 out of 5 stars,"The performance is snappy, but it's hindered by thermal limitations. Although the processor is responsive, it may throttle under heavy workloads due to heat issues.",,,,,,,,
"Solid Build, Longevity Concerns",3.0 out of 5 stars,"The build quality is solid, but I worry about its longevity.",,,,,,,,
"Improved Connectivity, Persistent Issues",3.0 out of 5 stars,"Connectivity options are improved, but compatibility issues persist. While it offers updated connectivity features, there are still some compatibility problems with certain peripherals.",,,,,,,,
"Efficient Power Management, Limited Control",3.0 out of 5 stars,"Power management is efficient, but it lacks user customization. The processor optimizes power consumption effectively, but those wanting extensive control over power settings might find it lacking.",,,,,,,,
"Good for General Use, Not for Gaming",3.0 out of 5 stars,"Great for general use, but gamers might want to look elsewhere. The integrated graphics are better, but still not enough for high-end gaming.",,,,,,,,
Security vs. Performance,3.0 out of 5 stars,"Security features are a plus, but you might notice a performance dip. It's a trade-off between security and speed with this one.",,,,,,,,
Overheating with Prolonged Use,3.0 out of 5 stars,overheat with prolonged use.,,,,,,,,
"Good Price, Better Alternatives",3.0 out of 5 stars,"Priced well, but there are better options out there.",,,,,,,,
Battery Life Could Be Better,3.0 out of 5 stars, battery life could be better.,,,,,,,,
"Handles Multitasking, Lacks Innovation",3.0 out of 5 stars,"It handles multiple tasks well, but lacks innovative features.",,,,,,,,
not very customizable,3.0 out of 5 stars,not very customizable,,,,,,,,
Bottlenecking CPU,2.0 out of 5 stars,I put the Intel i5 in my MSI gaming motherboard and it doesn't work so I take it out and turns out it,,,,,,,,
Was broken when purchased.,2.0 out of 5 stars,"The processor came with some corners bent, I am assembling it to see if it works. I have had dem",,,,,,,,
The processor came with bent corners,2.0 out of 5 stars,"Not the best i5 version, returned the processor for i7 10 gen",,,,,,,,
Not for gaming,2.0 out of 5 stars,"Used this to edit YouTube videos and it's really slow, I recommend getting an i7.",,,,,,,,
I was unlucky,2.0 out of 5 stars,"It didn't work, but since I had already used it and stained it with thermal paste, I didn't want to return it.",,,,,,,,
Cooler is junk - CPU is OK,2.0 out of 5 stars,"Pro: Package arrived early, packaged new. It was sent with an additional note reminding consumer to ",,,,,,,,
Shipping is bad,2.0 out of 5 stars,"Bad packaing. Came with the poly mailer bag, doesn't look very good.",,,,,,,,
It was not new as advertised.,2.0 out of 5 stars,"The i3 was supposed to be new but the package was clearly opened, also the fan did not come pre appl",,,,,,,,
"There is no graphics board, and the screen is not displayed",2.0 out of 5 stars,"The PC broke and it was urgent for expenses, so I bought it cheaply, but although there are output terminals on the motherboard, considering, a graphics board is necessary, and a graphics board became mandatory. Although there was one at home before, there were output problems, and even after purchasing a new motherboard, it remained the same, and the old motherboard was the cause.",,,,,,,,
Something wrong Something wrong,2.0 out of 5 stars,This motherboard will not work without an external video card. No video onboard.,,,,,,,,        
Delivered broken,1.0 out of 5 stars,"I just don't understand why I'm sent a broken CPU, it's just unnecessary.",,,,,,,,
Arrived damaged?,1.0 out of 5 stars,"When I started up the new motherboard, is it supposed to have a red error LED on the CPU? Is that normal?",,,,,,,,
Does not work,1.0 out of 5 stars,"I put together a gaming PC collecting parts over time as I had funds to purchase. Finally put it all together,",,,,,,,,
Died after a couple of weeks of use,1.0 out of 5 stars,"Does not work. Fresh out the box and along with other brand new PC parts, after putting it together.",,,,,,,,
Does not work at all,1.0 out of 5 stars,Bought in prime days brand new. Processor came dead on arrival. Amazon customer support refused to exchange it.,,,,,,,,
"Dead on arrival, no help from Amazon",1.0 out of 5 stars,"Received used, discolored processor in a previously opened box. Evidence of thermal paste having been applied.",,,,,,,,
Received Used Processor,1.0 out of 5 stars,"Upgraded from i7-6700 to 12700k, the performance is great! Works good with Linux and Windows. That's great!",,,,,,,,
Many issues after 2 months... :\,1.0 out of 5 stars,"The box is broken, the CPU was easy to move in the box, probably already a returned product.",,,,,,,,
Not satisfied,1.0 out of 5 stars,"They send you the KF model which costs less and doesn't have an integrated GPU. If you notice it, they make you an offer.",,,,,,,,
WARNING BAD EXPERIENCE,1.0 out of 5 stars,"I recently purchased an i5 processor from Amazon, and unfortunately, it turned out to be defective.",,,,,,,,
No Title,1.0 out of 5 stars,"I recently purchased an i5 processor from Amazon, and unfortunately, it turned out to be defective. ",,,,,,,,
No Title,1.0 out of 5 stars,"Don't buy, they're selling used and defective products.",,,,,,,,
Used CPU,1.0 out of 5 stars,"Received this today, CPU was pre-used and rattling around in the box in a sandwich bag. Thermal paste was everywhere.",,,,,,,,
Waiting for refund,1.0 out of 5 stars,Still waiting for my refund after a faulty motherboard ruined the CPU and possibly my GPU. Amazon customer support is not helpful.,,,,,,,,
Broken product,1.0 out of 5 stars,"I ordered the CPU, but when it arrived, a fan blade was broken.",,,,,,,,
Broken fans,1.0 out of 5 stars,Came in with broken fans on delivery.,,,,,,,,
Box arrived empty,1.0 out of 5 stars,Disgusting! I bought this for my son for Christmas!! The seal is broken and only part of the appliance is in the box.,,,,,,,,
Arrived without the processor inside,1.0 out of 5 stars,"After one week, the whole box arrived with an internal fan but without a processor. A scandal.",,,,,,,,
CPU that does not work,1.0 out of 5 stars,"I bought this processor new and was waiting to build my PC. Today, I received a message that it was already opened.",,,,,,,,
Processor missing,1.0 out of 5 stars,"Unfortunately, the product packaging was opened and resealed, which seemed suspicious to me. And indeed, the product was used.",,,,,,,,
Arrived without processor,1.0 out of 5 stars,"Beware to those who order second-hand, in my case, I didn't expect a nice box or anything, but at least that the product works.",,,,,,,,
Precise machine arrived in simple paper packaging,1.0 out of 5 stars,"It came from Amazon delivery, in excessive packaging. It wasn't in a box but in a bag. It arrived damaged. Be careful when purchasing precision equipment like PC parts. Always buy with proper packaging.",,,,,,,,
"Check for all the parts, as mine had some missing",1.0 out of 5 stars,"Lovely cooler, looks efficient. It should have a backplate in the box for it. Unfortunately, it shipped without one.",,,,,,,,
Factory seal broken on CPU box [red flag?].,1.0 out of 5 stars,Arrival inspection finds the CPU box factory seal broken. All else seems somewhat normal although the product seems used.,,,,,,,,
Bought new came with thermal paste on the pins on back,1.0 out of 5 stars,"I bought this product new, but it came used. It has thermal paste on the front and on the back of the processor.",,,,,,,,
Do not buy it,1.0 out of 5 stars,"Intel secretly locked VCCSA so your RAM can't work stably if you turn on XMP. They claim it can work, but it doesn't.",,,,,,,,
Bad cooler from intel,1.0 out of 5 stars,"The mounting system is bad, I did the diagonal push method but the last corner won't go in even with extra pressure.",,,,,,,,
It's a USED processor.,1.0 out of 5 stars,"Received the product used, when the ad did not indicate that it was used. I feel disappointed.",,,,,,,,
What the heck?,1.0 out of 5 stars,"Purchased on 7/29. Received on 7/30. I opened the Intel box and it only contained a used stock cooler, not the processor.",,,,,,,,
Broken CPU,1.0 out of 5 stars,"Broken, just found out. Missed the return window by 3 days.",,,,,,,,
Truly disappointing,1.0 out of 5 stars,"The other day, I bought a CPU and had a PC shop build a custom PC for me. However, the CPU was broken and couldn't be used, so I returned it! In the end, I purchased a CPU from a different store and resolved the issue.",,,,,,,,
"Low evaluation for residual value, CPU was delivered",1.0 out of 5 stars,"The one delivered was a 12900KS. I have no complaints about the product, but please pay attention when ordering.",,,,,,,,
Unit was previously opened....,1.0 out of 5 stars,"I've put together a few systems and run some retail 12900k chips so far, and the 12900k is by far an amazing chip.",,,,,,,,
This generation needs a lot of software and driver updates - SLOWER,1.0 out of 5 stars,"Upgraded from an i9-9900k. Using Windows 11, I can absolutely say this system is much slower.",,,,,,,,
No video,1.0 out of 5 stars,"As others mentioned, there was something off with these chips. This was a new build. I have no video - it's dead.",,,,,,,,
SCAM,1.0 out of 5 stars,"I purchased this item then waited about a week for it. When it got here, it was NOT the item I ordered.",,,,,,,,
Overheats,1.0 out of 5 stars,"If you get this processor, it has high-temperature problems. If you look it up online, you will see that it can't handle the heat.",,,,,,,,
Be cautious,1.0 out of 5 stars,"Received the product, everything on the packaging said i9-12900k. But the processor inside the case was different.",,,,,,,,
Needing support!,1.0 out of 5 stars,"I connected my i9 12900k, but the computer detects it as Celeron G6900 with 2 cores... Is this a scam?",,,,,,,,
Did not work with DDR4 faster than 3000mhz,1.0 out of 5 stars,Memory controller was not okay.,,,,,,,,
Zero documentation,1.0 out of 5 stars,"You would expect when you buy the highest quality product from Intel, they would at least tell you how to use it.",,,,,,,,
"Didn't work, returned it to sender and haven't been refunded",1.0 out of 5 stars,"It didn’t work, and I returned it, but I haven’t been reimbursed after several weeks.",,,,,,,,
Box had been previously opened,1.0 out of 5 stars,"For what you spend, I would expect a CPU that hasn’t been opened. Not receiving a returned product.",,,,,,,,
Low power consumption,5.0 out of 5 stars,Best decision for virtualization.,,,,,,,,
Super performant,5.0 out of 5 stars,"Very versatile CPU, I use it for various functions, but it gets hot during gaming.",,,,,,,,
Service is different,1.0 out of 5 stars,The first CPU only worked for about a month. I've been waiting for over 2 months for the warranty.,,,,,,,,
The package was opened,3.0 out of 5 stars,"The processor and fan look new, but the packaging was already opened upon receipt.",,,,,,,,
Exceptional,5.0 out of 5 stars,I received the product earlier than expected and it’s all exceptional! I recommend the purchase.,,,,,,,,
Complaint to Amazon delivery personnel was gathered,3.0 out of 5 stars,"The CPU is in the box, but the memory is just paper-packed. If you damage it, you will be responsible for it! If you designate a place to put it, it will arrive with no problems.",,,,,,,,
"Nice processor, but needs an external cooler",5.0 out of 5 stars,"I have had this CPU for a few weeks now, I am impressed with its performance. However, it definitely",,,,,,,,
CPU I7 12700,5.0 out of 5 stars,"GREAT PROCESSOR, VERY FAST.",,,,,,,,
It's always him,5.0 out of 5 stars,An i7 is always an i7.,,,,,,,,
Intel Core i7-12700,5.0 out of 5 stars,What can you say about a processor? I needed it for a build. Very satisfied. Used for SHIPCONST.,,,,,,,,
Top processor,5.0 out of 5 stars,"I recently purchased this 12th gen processor, and I must say it’s a bomb, both for work and gaming.",,,,,,,,
Very performant CPU,5.0 out of 5 stars,"Very versatile CPU, you can do everything from work to gaming without issues (I recommend replacing the stock cooler).",,,,,,,,
Excellent processor,5.0 out of 5 stars,"Excellent and fast processor, tested and tried, no problems so far.",,,,,,,,
Many cores at a great price,5.0 out of 5 stars,"It performs like a beast, but in certain scenarios, it heats up a lot.",,,,,,,,
Best CPU,5.0 out of 5 stars,Great high-end CPU for those who want something more than just gaming.,,,,,,,,
Excellent processor,5.0 out of 5 stars,"Great processor, no noise. It arrived in excellent packaging with an air cooler.",,,,,,,,
Opened and damaged,3.0 out of 5 stars,"Can I know why the box was opened and damaged? I bought it new, but it looks like someone opened it.",,,,,,,,
"Good processor, excellent price",5.0 out of 5 stars,Gaming PC.,,,,,,,,
Very satisfied,5.0 out of 5 stars,Ottimo,,,,,,,,
Good mid-range CPU,4.0 out of 5 stars,I have had my computer with the i5-12400F for almost 2 years now and it runs great. I use it for light,,,,,,,,
Could be packed better,4.0 out of 5 stars,"It arrived quickly and is working but was very poorly packaged, I was afraid it was damaged.",,,,,,,,
Computer,4.0 out of 5 stars,the product arrived within the described time and I am satisfied,,,,,,,,
Correct,4.0 out of 5 stars,"Received in damaged packaging, but otherwise it works very well",,,,,,,,
Does not work as it should anymore !!!,4.0 out of 5 stars,Same thing as for the motherboard and memory sticks!!!,,,,,,,,
"Not bad considering the expense (€165), lousy cooler",4.0 out of 5 stars,"Certainly not the best i5, but for the price paid 165€ it does its job. Big flaw the heatsink",,,,,,,,
Good purchase,4.0 out of 5 stars,"For my needs, a perfect purchase. Medium or rather more than medium quality processor, of generation",,,,,,,,
Only flaw is the cooler,4.0 out of 5 stars,"The reputation of this processor precedes it, for mid-range PCs it is excellent, as I said the only flaw",,,,,,,,
Good value for money,4.0 out of 5 stars,Switching from an early generation i5 to this one is noticeable,,,,,,,,
Good,4.0 out of 5 stars,well packaged and working,,,,,,,,
Top,4.0 out of 5 stars,Top,,,,,,,,
Good processor,4.0 out of 5 stars,"Very good processor, plan for another cooling system because it heats up a lot. Water",,,,,,,,
Product of excellent quality!,4.0 out of 5 stars,"Quality product, arrived on time, what I didn't like was that it was delivered to third parties and I had",,,,,,,,
Product okay,4.0 out of 5 stars,"Easy installation, product as described.",,,,,,,,
PC,4.0 out of 5 stars,good,,,,,,,,
Huge cooler,4.0 out of 5 stars,"Proc ok. Very large heatsink, fortunately I didn't plan to use my 4 DDR4 slots... A bit",,,,,,,,
The CPU is 10/10 for the money BUT!!,4.0 out of 5 stars,"The CPU is 10/10 for the money. The stock cooler is a problem, getting loud at normal temps 55-70. ",,,,,,,,
High-quality processor but poor quality packaging,4.0 out of 5 stars,"The processor itself is perfect, we know Intel and its 12th generation which is a bargain for",,,,,,,,
Good,4.0 out of 5 stars,"1 day late but everything came right, box slightly damaged with dents and wear but in",,,,,,,,
Best price quality processor,4.0 out of 5 stars,"Great for gaming, but the provided heatsink is lousy with peaks of 85°C",,,,,,,,
Price performance,4.0 out of 5 stars,okay,,,,,,,,
Super CPU,4.0 out of 5 stars,It is very good for gaming and the price is also very good,,,,,,,,
Beefy processor,4.0 out of 5 stars,"As an entry-level i5 of this generation, it delivers everything I need, I liked the speed and stability",,,,,,,,
Very Great Processor . . .,5.0 out of 5 stars,"The processor was very power efficient. I develop Android apps and web development, and for this the processor is",,,,,,,,
Got it under 10k,5.0 out of 5 stars,Try to get it under 10k and check the rankings in the details sections before buying anything,,,,,,,,
Highest Price to Performance processor for gaming.,5.0 out of 5 stars,I upgraded from 9400F. The performance gain is huge. I use Cooler Master Hyper 212 with this and my,,,,,,,,
No discrete graphics in this processor,4.0 out of 5 stars,"This will not work without a graphics card, so be careful before ordering.",,,,,,,,
Nice processor under 12k,5.0 out of 5 stars,Best gaming and multitasking processor at the price of 12k for a budget PC of around 80k,,,,,,,,
12400f,5.0 out of 5 stars,It runs well for productivity tasks. A 6-core CPU is the minimum requirement for smooth running of any large,,,,,,,,
Just as expected ??,5.0 out of 5 stars,"Got it at the cheapest price of 10,250 Rs in the sale. I was a bit worried about getting scammed since",,,,,,,,
Bang for the buck,5.0 out of 5 stars,"This is the king in price-to-performance ratio. Paired with a 1660S, most games are giving me 90-100",,,,,,,,
Keep in mind to definitely buy a graphics card,4.0 out of 5 stars,"This one has no graphics processing unit, and hence if you use this without a graphics card, the BIOS will",,,,,,,,
Good Value,5.0 out of 5 stars,Great little CPU. Quick and snappy processor for those on a budget. Currently have it in my PC I built myself.,,,,,,,,
Great performance on a budget,5.0 out of 5 stars,Excellent value. This is a great processor that can handle just about any task imaginable. Just did a computer build.,,,,,,,,
It's amazing how far i3s have come!,5.0 out of 5 stars,Conforming. Private.,,,,,,,,
A processor with a good quality/price ratio,5.0 out of 5 stars,"Crazy Good Performance for the Price. Even in 2023, it's astounding how much performance this i3 delivers.",,,,,,,,
Core i7 7700 and usage feel are equivalent,5.0 out of 5 stars,As advertised. As advertised.,,,,,,,,
Great product for Video Editing,5.0 out of 5 stars,Surprisingly good for an i3. I bought this because my i9-12900k was giving me problems.,,,,,,,,
Good product,5.0 out of 5 stars,Excellent quality price. It arrived in 5.,,,,,,,,
It's doing its job great,5.0 out of 5 stars,"Stable and good product. The processor has been working for over 6 months without any issues, almost every day for more than 8 hours a day.",,,,,,,,
"Very good product, arrived earlier than expected well packaged and sealed",5.0 out of 5 stars,Excellent. I recommend this good processor!,,,,,,,,
Good for office use,5.0 out of 5 stars,Very good product. Very good product.,,,,,,,,
Quiet,5.0 out of 5 stars,Upgrading from an i3 10100. I was hesitant to buy this CPU because I already have an i3 10100 10th generation and it is slow.,,,,,,,,
Works great,5.0 out of 5 stars,"Excellent quality-price ratio. It arrived in 5 days in Colombia, excellent processing.",,,,,,,,
The advantages of the 12th generation at a reduced price,5.0 out of 5 stars,"Noticeable speed increase. As luck would have it, I was preparing a 10th gen i3-10100 system the day before. Just got done building.",,,,,,,,
Good value for money,5.0 out of 5 stars,Great budget CPU. No bottleneck for my GPU (GeForce GTX 1080). Above 100+ fps on most games at 1080.,,,,,,,,
Excellent Value,5.0 out of 5 stars,Good entry-level CPU. You'll get more fps in most games than with Intel 11th generation and AMD Ryzen 5000 CPUs.,,,,,,,,
As advertised,5.0 out of 5 stars,This is a great processor that can handle just about any task imaginable. Just did a computer build ,,,,,,,,
For gaming PCs,3.0 out of 5 stars,This is a fine processor. I would recommend it to a beginner or anyone who doesn't need extreme perf,,,,,,,,
Overpriced,3.0 out of 5 stars,"I love it, but I'm pretty sure I got a faulty one. I've been using it for a year and it doesn't compa",,,,,,,,
Faulty,3.0 out of 5 stars,"The CPU works perfectly, but the CPU cooler fan didn't work when ever I plugged in the CPU cooler fan m",,,,,,,,
Amazing CPU but horrible CPU cooler fan,3.0 out of 5 stars,This is the second processor I have had to buy as the first burned out with proper ventilation.,,,,,,,,
Okay,3.0 out of 5 stars,I'm not sure,,,,,,,,
I'm not going to use it,3.0 out of 5 stars,"When you try to run several gaming machines at the same time, the CPU usage rate reaches 100%, and if you do not have a normal use in the block, you may have a problem with",,,,,,,,
Doesn't fit well,3.0 out of 5 stars,3.5,,,,,,,,
Cost performance is okay,3.0 out of 5 stars,"t's not very powerful for gaming machines. Given that 5000 points is enough, I bought an i5 9400F, so I won't use glass for now. For other purposes, it's fine, so those who don't need gaming shouldn't worry.",,,,,,,,
"For general use, there is a problem!",3.0 out of 5 stars,I replaced my old work computer with a custom-built one! It cost a total of just under forty thousand.,,,,,,,,
It comes out for general use,3.0 out of 5 stars,"The price is affordable and it seems to be able to handle games to some extent, that's about it.",,,,,,,,
"Perfect, but delayed",3.0 out of 5 stars,"Great product, but kept getting delayed in shipping. Postponed my PC build by nearly a week because ",,,,,,,,
"How about sending a CPU in a box, and not a bag?",3.0 out of 5 stars,"Its a great CPU.The packaging by Amazon, in shipping it, is awful.Nothing like getting a squashed CP",,,,,,,,
3 stars for Amazon,3.0 out of 5 stars,"This is a great CPU and I give it 5 stars. I'm sorry Amazon, you just don't ever ship a processor in",,,,,,,,
"The box arrived damaged, and the seal was broken",3.0 out of 5 stars,"Please note at the time of purchase? The box was dented upon delivery. The package delivered was undamaged, so it must have been dented before shipping. ",,,,,,,,
Heavy workload doesn't come out well,3.0 out of 5 stars,"I never got to try it, but I suppose it's not a bad processor for office tasks and things that don't need much power.",,,,,,,,
Basic,3.0 out of 5 stars,"Thanks One True God! For first look, this CPU looks good at a good price. You get 4 cores + 8 threads in",,,,,,,,
Does not support 3200MHz memory! Shame!,3.0 out of 5 stars,It is the first CPU that is not an i5-i7-i9 or Ryzen 5-7-9 I have used. For first impression it seems o,,,,,,,,
Not the most responsive PC I've used,3.0 out of 5 stars,"Doesn't have Graphics components, several Linux distros just wouldn't boot.",,,,,,,,
"Linux, your Mileage may vary..",3.0 out of 5 stars,This CPU is obviously used seeing as there's thermal paste on it. I didn't buy this product as used.,,,,,,,,
Used CPU - Beware,3.0 out of 5 stars,"The CPU itself was great and easy to install, but the pins on the fan came broken so I had to buy a n",,,,,,,,
Good but fan pins were broken,3.0 out of 5 stars,"Package looks like it's been through World War 3. Hopefully, everything is still functional.",,,,,,,,
Damaged box,3.0 out of 5 stars,It doesn't run without a graphics card.,,,,,,,,
Maybe compatibility with the motherboard.,3.0 out of 5 stars,"The compatibility seems to be falling short. Although troubleshooting BIOS and graphics settings usually resolves issues, some may find it challenging, especially for those assembling a PC for the first time. Nonetheless, those eager to do so will find the setup rewarding.",,,,,,,,
Shipping method is as rich as ever,3.0 out of 5 stars,"The item was delivered in a plastic bag. Despite the delicate nature of precision equipment, the packaging was insufficient to protect it adequately. Although the precision instrument was purchased from Amazon, the packaging did not meet expectations. The motherboard was also purchased at the same time.",,,,,,,,
Temperature is high,3.0 out of 5 stars,"The cooler master's simple water cooling system seems to be struggling with a power limit of 160 watts. While watching YouTube, the system experienced thermal issues when attempting to replay videos, resulting in sudden temperature spikes. However, under normal circumstances, temperatures remain stable during playback.",,,,,,,,
"Regret, should have gone with AMD",3.0 out of 5 stars,"Because of the crash problem and we are told to turn down the performance in the CPU, We are not get",,,,,,,,
I finally lost,3.0 out of 5 stars,"I've built computers for more than 20 years, and I have never in my life had so much trouble booting",,,,,,,,
"Amazon performance top, Intel performance ok",3.0 out of 5 stars,I bought the CPU from Amazon and received packaged new goods. Amazon gave it 5 stars.,,,,,,,,
"Great when I first received it, then an update to the ME engine nerfed it",3.0 out of 5 stars,"I was really pleased with this processor in the beginning, was running it at 6.1Ghz as a daily drive",,,,,,,,
The heat is hot,3.0 out of 5 stars,Super hot CPU. Investing in this means investing in serious cooling for it.,,,,,,,,
Box cut with a cutter,3.0 out of 5 stars,"The box had a box cutter cut on the top, I'm really upset that there was so little care.",,,,,,,,
Possibly better compatibility with the motherboard,3.0 out of 5 stars,"Evaluation of game crashes. While adjusting BIOS and graphics settings may help resolve the issue, it's still unclear. Those who desire assistance are advised to seek help, as some may not have experience in setting up. Nonetheless, for those who desire assistance, troubleshooting settings is encouraged.",,,,,,,,
Shipping method remains the same,3.0 out of 5 stars,"The backpack was delivered. Despite the delicate nature of the precision equipment, it arrived with a significant tear. The precision instrument was indeed purchased from Amazon. Even when purchasing the motherboard, the same backpack was used. The memory was also purchased.",,,,,,,,
The temperature is high,3.0 out of 5 stars,"The liquid cooling of the cooler master handles 160W with ease, but when watching videos on YouTube and switching to gaming mode, the temperature rises suddenly. While the temperature remains stable during normal use, it becomes unstable when gaming.",,,,,,,,
Performance is satisfactory,3.0 out of 5 stars,"In summary! Performance and stability are satisfactory. When comparing the i9 K series payment with other platforms, there doesn't seem to be a noticeable performance difference, so perhaps sticking with the i9 series is a good choice. Even with overclocking, there isn't a significant performance gap compared to other platforms.",,,,,,,,
I should have gone with AMD,3.0 out of 5 stars,"Because of the crash problem and we are told to turn down the performance in the CPU, We are not get",,,,,,,,
I finally lost,3.0 out of 5 stars,"I've built computers for more than 20 years, and I have never in my life had so much trouble booting",,,,,,,,
"Amazon performance top, Intel performance ok",3.0 out of 5 stars,I bought the CPU on Amazon and received packaged new goods. Amazon gave it 5 stars. Regarding the Intel CPU.,,,,,,,,
"Great when I first received it, then an update to the ME engine nerfed it.",3.0 out of 5 stars,"I was really pleased with this processor in the beginning, was running it at 6.1Ghz as a daily drive",,,,,,,,
The heat is hot,3.0 out of 5 stars,Super hot CPU. Investing in this means investing in serious cooling for it.,,,,,,,,
Box cut with a box cutter,3.0 out of 5 stars,"The box had a box cutter cut on the top, I'm really annoyed at the lack of care.",,,,,,,,
Sold without CPU Cooler... :-(,2.0 out of 5 stars,"Great value for the price, but sold as Box, implying it comes with a cooler... which it doesn't.",,,,,,,,
Do NOT run over 4800 DDR5! - Warranty will be voided!,2.0 out of 5 stars,I purchased this processor and was happy with it until I stumbled upon a youtube video that proclaim,,,,,,,,
Good,2.0 out of 5 stars,My sons using it so I guess its a good item,,,,,,,,
Faulty,2.0 out of 5 stars,Thanks Amazon/Intel for shipping a faulty CPU then proceed to try to make me wait a week except I co,,,,,,,,
No stock cooler,2.0 out of 5 stars,No stock cooler. Extremely annoying.,,,,,,,,
Product arrived in a damaged box and was loose in packaging,2.0 out of 5 stars,The product arrived in a damaged box and the chip was loose inside the box having been freed from it,,,,,,,,
Worse than AMD's second generation,2.0 out of 5 stars,"The result speaks for itself. 25466pt AMD Ryzen 5 3600 (Type Fall Generation 19515pt) This CPU Intel Core i5 12600K * Even so, it seems like the latest type, the same class as the Ryzen. To make this PC, I need 1 set",,,,,,,,
Does not run without extra graphics card.,2.0 out of 5 stars,"Product batch number is different on Product and invoice, due to this, Intel is not showing warranty.",,,,,,,,
This motherboard will not work without an external video card. No video on board.,2.0 out of 5 stars,"When I purchased this product for someone, it was supposed to be NEW... however, the box looks very w",,,,,,,,
SCAM,1.0 out of 5 stars,"CPU is bad and used. Today, I opened the box. The CPU came in a new box, but the CPU was broken. This is unacceptable.",,,,,,,,
Dead on arrival,1.0 out of 5 stars,"After troubleshooting with Q-LED lights, I deduced it was the CPU. It was a surprise since the packaging seemed fine.",,,,,,,,
Intel good Amazon bad.,1.0 out of 5 stars,Amazon sent a broken item to me.,,,,,,,,
"The first Intel CPU I ordered, the fan of the cooler came in broken and the second CPU came in good",1.0 out of 5 stars,I bought the Intel Core i3 12100F. Nothing was wrong with it except the fan of the cooler that came with it.,,,,,,,,
"Bought new motherboard, processor and memory and won't post",1.0 out of 5 stars,"Not sure if I have a bad motherboard, processor, or memory. Won't post.",,,,,,,,
Not an officially circulated product in the country,1.0 out of 5 stars,"The product was described as a genuine domestic product, and I purchased it from nvsnShop. However, it turned out to be something that was already taken out of its package and returned domestically in Korea.",,,,,,,,
Sucks,1.0 out of 5 stars,The fan came broken twice.,,,,,,,,
Cooler,1.0 out of 5 stars,"The CPU cooler broke when I hooked it up to my motherboard. The CPU itself is great, but the cooler is not.",,,,,,,,
Pain in to setup. Nothing but a headache. I wish I would have got a different CPU.,1.0 out of 5 stars,"No support for DeepCool heatsinks. Wasted time modifying it to fit (it does work, but wasted a couple of hours).",,,,,,,,
"CPU was faulty, wouldn't connect with any RAM",1.0 out of 5 stars,"So I ordered this 12600K as it was for sale on Black Friday. When I received the order, I started to install it on...",,,,,,,,
Amazon failed me but Intel didn't,1.0 out of 5 stars,"I bought an i5 somewhere else, and it's great. Really, the CPU is amazing for everything you need.",,,,,,,,
"4k 60FPS playback, expectations for video editing, for Lightroom",1.0 out of 5 stars,"The configuration of this CPU: ASRock H670 PG Riptide, DDR4 3600Mhz 32GB, PCIe gen4 SSD 2TB. With the ?7IV, it shoots 4K video at 60FPS in XAVC HS.",,,,,,,,
No cooler,1.0 out of 5 stars,"It comes without a cooler, and the old ones are not compatible. All previous generations included them. It should have been mentioned.",,,,,,,,
It Doesn't Come with a Fan and Sink…,1.0 out of 5 stars,Why… just… why is that not prominently mentioned… awful.,,,,,,,,
Died after a month,1.0 out of 5 stars,The processor died after a month. I don't recommend it.,,,,,,,,
Not new,1.0 out of 5 stars,Received a clearly used processor covered in thermal paste.,,,,,,,,
Received Broken,1.0 out of 5 stars,"Received a broken CPU. Didn't build the PC in time for return, and now I can't return it.",,,,,,,,
They should be more clear,1.0 out of 5 stars,"DOES NOT COME WITH A COOLER. YOU CANNOT USE IT WITHOUT ONE. So frustrating, every CPU I've ever bought has come with a cooler.",,,,,,,,
Disappointed! To be avoided,1.0 out of 5 stars,"Intel package opened. Expensive product, but no care taken. Amazon completely ignored me. Disappointed.",,,,,,,,
Great product but...,1.0 out of 5 stars,"Nothing to say about the CPU. It's been 10 days since my order, and I should have received the product 5 days ago.",,,,,,,,
Not good at all,1.0 out of 5 stars,"Be careful, everyone. There is no information here! It is important to know that this is the smallest...",,,,,,,,
!!CPU cooler is urgently needed!!,1.0 out of 5 stars,"Attention people, there is no information here! It would be important to know that this is the smallest…",,,,,,,,
Faulty CPU,1.0 out of 5 stars,Processor bought new and defective. Installed with an ASUS ROG Strix E-Gaming motherboard.,,,,,,,,
Unsuitable for graphics card on the Gigabyte Motherboard Z690 UD 1700 ATX,1.0 out of 5 stars,This processor is not suitable for the graphics card as there is no output to the monitor.,,,,,,,,
Defective (Amazon warehouse item),1.0 out of 5 stars,"The article was already installed in a PC by someone else, and there was thermal paste present when unboxing.",,,,,,,,
The item received is not the right one,1.0 out of 5 stars,"Received a ""Dell Laptop Charger 19.5V"" instead of an ""Intel Core i7-12700KF Processor.""",,,,,,,,
Broken warranty seal,1.0 out of 5 stars,"I received a refurbished product, which was not indicated in the product description. Moreover, the CPU was damaged.",,,,,,,,
Why why why,1.0 out of 5 stars,"It's just a scam. I ordered one from the seller inandout, and there was no processor in the package.",,,,,,,,
New i3 series has taken a turn for the absolute worst. DON'T BUY!,1.0 out of 5 stars,"There was a time when i3's were good, but I couldn't even play a game of CoD on the absolute lowest settings.",,,,,,,,
Fair WARNING To The Next Customer,1.0 out of 5 stars,"I am here to warn my fellow honest living people. Be careful as the seller advertises new. Under my purchase, it was used.",,,,,,,,
I3-900f NOT compatible with onboard graphics - you'll need a stand alone card for display.,1.0 out of 5 stars,I was very upset and disappointed with the purchase of two i3-900f CPUs when I discovered through troubleshooting that they were defective.,,,,,,,,
Damaged packaging,1.0 out of 5 stars,The CPU was shipped in a bubble wrap envelope. I am unsure if the damage occurred in transit or before shipping.,,,,,,,,
Review,1.0 out of 5 stars,"I liked how it was so fast with Windows ten, but I didn't like the fact that it couldn't handle simple tasks.",,,,,,,,
Ruined My Gaming Experience,1.0 out of 5 stars,It lags my Discord calls when I'm gaming. I started to lag everything when I start gaming. It also makes my system crash frequently.,,,,,,,,
Bad and terrible CPU!!!,1.0 out of 5 stars,This is bad and should not be bought!!!! Go buy the one from Amazon because this one is just dumb and useless.,,,,,,,,
Confirm the investigation before adding a comment. Let's make a sigh at the missed comments.,1.0 out of 5 stars,"This product (Core i3-9100f LGA1151) was insufficient for my needs and could not be used in my custom-built PC. My motherboard (ASUS H170-PRO) is from the 4th generation, so this product is incompatible.",,,,,,,,
Good and bad,1.0 out of 5 stars,"CPU is good, but dealing with the buyer was bad.",,,,,,,,
Broken seal removed?,1.0 out of 5 stars,The seal on the box was broken before I opened it. There was brownish powder-like dirt on the seal. This is a problem before evaluation.,,,,,,,,
Trash processor,1.0 out of 5 stars,"Can't handle anything, do not buy.",,,,,,,,
Buyer beware,1.0 out of 5 stars,"Expected a new item, but this box was already opened. I'm not pleased...",,,,,,,,
AVOID for anything other than light work,1.0 out of 5 stars,"Very bad processor. Lack of hyper-threading killed it. Get the 10th gen i3 instead, worth it.",,,,,,,,
I DID NOT GET MY REFUND,1.0 out of 5 stars,"Complete piece of crap, and never got my refund.",,,,,,,,
Used - Already Opened,1.0 out of 5 stars,Used. Unsealed box. Missing fan. Thermal paste already on it.,,,,,,,,
DOA,1.0 out of 5 stars,Product was dead on arrival.,,,,,,,,
It reach and it was no good,1.0 out of 5 stars,"It arrived, and it was no good.",,,,,,,,
